Index,ZONEID,Date,Time_Index,Day,Date.1,TCWL,TCIW,SP,HUM,TCC,U,V,TEMP,SSRD,STRD,TSR,TP,POWER
1,1,4/1/12 1:00,1,1,20120401 01:00,0.001966858,0.003608704,94843.625,60.22190857,0.244601131,1.039334297,-2.50303936,294.4484863,2577830,1202532,2861797,0,0.754102564
2,1,4/1/12 2:00,2,1,20120401 02:00,0.00552449,0.033574812,94757.9375,54.67860413,0.457137644,2.482865334,-2.993330002,295.6513672,5356093,2446757,5949378,0,0.555
3,1,4/1/12 3:00,3,1,20120401 03:00,0.03011322,0.132008791,94732.8125,61.29489136,0.77142942,3.339866638,-1.982535362,294.4545898,7921788,3681336,8939176,0.001340866,0.438397436
4,1,4/1/12 4:00,4,1,20120401 04:00,0.057167053,0.110645294,94704.0625,67.77528381,0.965866208,3.10610199,-1.446050644,293.2614746,9860520,4921504,11331679,0.002501488,0.145448718
5,1,4/1/12 5:00,5,1,20120401 05:00,0.051026557,0.189559937,94675,70.17298889,0.944668651,2.601145744,-1.904493332,292.7329102,11143097,6254380,13105558,0.003331184,0.111987179
6,1,4/1/12 6:00,6,1,20120401 06:00,0.036995962,0.0990448,94676.9375,72.3740387,0.641353369,1.333368301,-1.728430748,292.0771484,11815767,7558415,14198503,0.003960133,0.05724359
7,1,4/1/12 7:00,7,1,20120401 07:00,0.080911219,0.121322632,94708.0625,81.79873657,0.753142357,1.457922935,-1.034620285,291.0693359,12274591,8798617,14925342,0.004969597,0.088717949
8,1,4/1/12 8:00,8,1,20120401 08:00,0.03615883,0.139068604,94748.8125,87.85406494,0.788338363,2.374826431,-1.089039803,289.0734863,12351290,10041167,15112951,0.006476879,0.030064103
9,1,4/1/12 9:00,9,1,20120401 09:00,0.036372229,0.072608948,94785.8125,88.79348755,0.502274573,1.985530853,-0.963009834,288.03125,12351290,11257316,15112951,0.006724834,0.000128205
10,1,4/1/12 10:00,10,1,20120401 10:00,0.014352933,0.035797119,94817.75,90.45066833,0.501918316,1.999518394,-0.930319786,287.4057617,12351290,12460132,15112951,0.006744862,0
11,1,4/1/12 11:00,11,1,20120401 11:00,0.00538747,0.004501343,94847.375,90.67617798,0.156774283,1.809739113,-0.098176956,286.3208008,12351290,13599879,15112567,0.00674963,0
12,1,4/1/12 12:00,12,1,20120401 12:00,0.000869751,0,94852.0625,92.9289093,0.014343262,1.35490799,-0.922255516,285.0354004,12351290,14724565,15112567,0.00674963,0
13,1,4/1/12 13:00,13,1,20120401 13:00,0,0,94810.625,94.98951721,0.004364014,1.256863594,-1.156412125,284.7331543,12351290,15820126,15112567,0.00674963,0
14,1,4/1/12 14:00,14,1,20120401 14:00,0,0,94758.125,94.81033325,0,0.921033859,-0.804039002,284.4626465,12351290,16911888,15112567,0.00674963,0
15,1,4/1/12 15:00,15,1,20120401 15:00,0.001480103,0,94730.375,95.55996704,0.039764404,0.622429848,0.318148613,284.1330566,12351290,17989312,15112567,0.00674963,0
16,1,4/1/12 16:00,16,1,20120401 16:00,0.005981445,0,94721.5625,99.39195251,0.38659668,-0.404500008,1.343285561,282.8701172,12351290,19080544,15112567,0.006750107,0
17,1,4/1/12 17:00,17,1,20120401 17:00,0.020294189,0,94707.75,99.67973328,0.937316895,-0.493648529,1.279654503,282.885498,12351290,20227568,15112567,0.006750107,0
18,1,4/1/12 18:00,18,1,20120401 18:00,0.043617249,0,94699.6875,100.2070923,0.970123291,-0.298454285,1.2048769,283.1572266,12351290,21420224,15112567,0.006755352,0
19,1,4/1/12 19:00,19,1,20120401 19:00,0.047782898,0,94733.3125,99.53146362,0.893005371,-0.127774239,1.207766533,283.314209,12351290,22618864,15112567,0.006762981,0
20,1,4/1/12 20:00,20,1,20120401 20:00,0.043663025,0,94749.8125,99.42308044,0.891571045,-0.231093407,1.276310921,283.1843262,12351290,23790336,15112567,0.006771564,0
21,1,4/1/12 21:00,21,1,20120401 21:00,0.04499054,0,94769,98.57301331,0.623687744,-0.055418968,1.24878788,283.6530762,12417521,24904848,15240341,0.006778717,0.006346154
22,1,4/1/12 22:00,22,1,20120401 22:00,0.038860321,0,94787.9375,92.12310791,0.83279419,-0.851744652,0.97249794,286.2585449,12947510,26133136,15980090,0.006783485,0.071538462
23,1,4/1/12 23:00,23,1,20120401 23:00,0.035018921,0,94775.25,82.74525452,0.953292847,-1.10296154,0.310311317,288.4182129,13965544,27398656,17317616,0.006790638,0.229166667
24,1,4/2/12 0:00,24,1,20120402 00:00,0.074440002,0,94736.125,71.751297,0.9324646,-0.193052292,-0.447573662,290.267334,15464841,28768880,19196208,0.006800652,0.346474359
25,1,4/2/12 1:00,1,2,20120402 01:00,0.112361908,0,94746.8125,69.93354797,0.830276489,0.342458725,-1.522831917,291.6049805,1717842,1313442,2181074,0.000191458,0.656858974
26,1,4/2/12 2:00,2,2,20120402 02:00,0.070106506,0,94678.875,65.64964294,0.685302734,1.115677834,-1.500989914,292.329834,3326070,2660549,4322714,0.000263393,0.771410256
27,1,4/2/12 3:00,3,2,20120402 03:00,0.067001343,0,94608.375,60.07411194,0.768798828,1.774486542,-1.611888885,293.2460938,5127796,4041206,6601140,0.000284642,0.613782051
28,1,4/2/12 4:00,4,2,20120402 04:00,0.058559418,0,94533.6875,54.51229858,0.538909912,2.232107162,-1.731534004,294.0068359,6934132,5390044,8848819,0.000296831,0.554807692
29,1,4/2/12 5:00,5,2,20120402 05:00,0.020584106,0,94505.9375,51.13789368,0.486816406,2.173001289,-1.898820877,294.362793,8433191,6699170,10729834,0.000296831,0.458910256
30,1,4/2/12 6:00,6,2,20120402 06:00,0.013029099,0,94503.8125,48.85609436,0.223648071,2.617418289,-1.667720795,294.494873,9867263,7963078,12419882,0.000296831,0.198269231
31,1,4/2/12 7:00,7,2,20120402 07:00,0.000997543,0.001720667,94518.3125,54.09742737,0.879394531,1.739650726,-1.394080162,293.2600098,10595086,9135014,13366795,0.000297844,0.085064103
32,1,4/2/12 8:00,8,2,20120402 08:00,0,0.002081394,94576.5625,61.20509338,0.548278809,1.671025276,-1.218840599,290.3742676,10750752,10299647,13615586,0.000297844,0.011474359
33,1,4/2/12 9:00,9,2,20120402 09:00,0,0.000666142,94605.375,69.00419617,0.241516113,1.926808357,-0.977911949,288.5097656,10750752,11399838,13615586,0.000297844,0.000128205
34,1,4/2/12 10:00,10,2,20120402 10:00,0,0,94615.625,75.61672974,0.001678467,1.94196701,-0.88630867,287.026123,10750752,12481922,13615586,0.000297844,0
35,1,4/2/12 11:00,11,2,20120402 11:00,0,0.000843048,94632.0625,81.17585754,0.328430176,2.086219788,-1.214301109,285.7568359,10750752,13545462,13615349,0.000297844,0
36,1,4/2/12 12:00,12,2,20120402 12:00,0,0.009249687,94596.375,85.85069275,0.998077393,1.509296417,-1.51173687,285.1420898,10750752,14604840,13615349,0.000297844,0
37,1,4/2/12 13:00,13,2,20120402 13:00,0,0.007993698,94592.4375,88.47601318,0.956359863,1.73593998,-1.184411049,284.8122559,10750752,15688713,13615349,0.000297844,0
38,1,4/2/12 14:00,14,2,20120402 14:00,0,0.000255585,94570.875,89.45291138,0.062988281,1.65512085,-0.839511871,284.7385254,10750752,16774759,13615349,0.000297844,0
39,1,4/2/12 15:00,15,2,20120402 15:00,0,0.000246286,94567.5625,89.74783325,0.030761719,1.281323433,-0.429141998,285.0100098,10750752,17825504,13615349,0.000297844,0
40,1,4/2/12 16:00,16,2,20120402 16:00,0,0.000763893,94550.3125,91.04507446,0.460205078,0.793845177,-0.549268723,284.3552246,10750752,18874656,13615349,0.000297844,0
41,1,4/2/12 17:00,17,2,20120402 17:00,0,0.001029968,94505.25,92.8611145,0.691802979,0.735485077,-0.478562355,283.9189453,10750752,19923360,13615349,0.000297844,0
42,1,4/2/12 18:00,18,2,20120402 18:00,0,0.007304192,94501.5,94.40144348,0.998077393,1.08981514,-0.340291977,283.6943359,10750752,20966160,13615349,0.000297844,0
43,1,4/2/12 19:00,19,2,20120402 19:00,0,0.010028839,94527.5,94.46244812,0.981964111,1.028477669,-0.348043442,283.6027832,10750752,22032960,13615349,0.000297844,0
44,1,4/2/12 20:00,20,2,20120402 20:00,0,0.007680599,94541.9375,93.76893616,0.987760007,0.946923256,-0.506499291,283.3725586,10750752,23103072,13615349,0.000297844,0
45,1,4/2/12 21:00,21,2,20120402 21:00,0.000110626,0.0066185,94569.375,91.51298523,0.976409912,0.687250137,-0.374117851,283.8041992,10824472,24203136,13735021,0.000297844,0.015
46,1,4/2/12 22:00,22,2,20120402 22:00,0.014778137,0.056270599,94632.75,81.69508362,0.937856078,1.19635582,-0.148161888,287.2216797,11465663,25354416,14551763,0.000399709,0.086282051
47,1,4/2/12 23:00,23,2,20120402 23:00,0.088577271,0.069568634,94631.3125,75.52931213,0.815002441,0.578382492,-0.187961578,289.5822754,12522010,26575920,15940854,0.00058198,0.31525641
48,1,4/3/12 0:00,24,2,20120403 00:00,0.006484985,0.003723145,94624.625,73.05194092,0.205688477,0.025250435,-0.78290081,290.2851562,13329835,27858400,17214256,0.000917315,0.514551282
49,1,4/3/12 1:00,1,3,20120403 01:00,0.090919495,0.004615784,94711.4375,63.74136353,0.410125732,0.304481506,-0.324355125,292.1264648,1118809,1332577,1658497,0,0.734615385
50,1,4/3/12 2:00,2,3,20120403 02:00,0.018543243,0.000551224,94638.3125,61.38720703,0.029388428,0.283238411,-0.777376175,293.6296387,3021041,2685035,4038991,0,0.67525641
51,1,4/3/12 3:00,3,3,20120403 03:00,0.003379822,1.62E-05,94553,56.48693848,0.020172119,0.474200249,-1.141389847,295.2561035,5588718,3972796,6925150,0,0.618910256
52,1,4/3/12 4:00,4,3,20120403 04:00,0.009621274,0.000975609,94501,53.47450256,0.630584717,0.832373619,-1.779151917,296.4643555,8162994,5226301,9815745,0,0.514166667
53,1,4/3/12 5:00,5,3,20120403 05:00,0.019654948,0.000321388,94455.25,52.38008118,0.120308459,1.060285568,-2.266139984,296.8830566,10134921,6522121,12109335,0,0.436474359
54,1,4/3/12 6:00,6,3,20120403 06:00,0.011550903,0.000240326,94454.5,52.41990662,0.077105761,1.375250816,-2.521197319,296.7573242,11555278,7798890,13835160,0,0.248397436
55,1,4/3/12 7:00,7,3,20120403 07:00,0.004472733,0.002069915,94458.5,57.11088562,0.541369915,0.853564262,-1.814124107,295.5336914,12305393,9053460,14810886,0,0.072051282
56,1,4/3/12 8:00,8,3,20120403 08:00,0.001289368,0.001699448,94496.8125,64.27653503,0.506476879,1.117510796,-1.871747017,291.8818359,12448384,10252641,15051687,0,0.012628205
57,1,4/3/12 9:00,9,3,20120403 09:00,0.000507355,1.62E-05,94558,69.69038391,0.014354542,1.629550934,-1.718268394,290.1945801,12448384,11466046,15051687,0,0.000128205
58,1,4/3/12 10:00,10,3,20120403 10:00,0.000286102,0,94601.3125,73.78526306,0,1.946388245,-1.375206947,289.246582,12448384,12649575,15051687,0,0
59,1,4/3/12 11:00,11,3,20120403 11:00,8.77E-05,0,94618.625,78.55267334,0.013397217,1.356401443,-0.374372482,290.1608887,12448384,13827909,15051663,0,0
60,1,4/3/12 12:00,12,3,20120403 12:00,0.000179291,0.000219345,94629.125,82.16970825,0.261322022,0.164655685,0.213218689,289.3857422,12448384,15003343,15051663,0,0
61,1,4/3/12 13:00,13,3,20120403 13:00,0.000391006,0.001095712,94615.8125,84.65371704,0.846954346,-0.370965004,0.652084351,288.1875,12448384,16180510,15051663,0,0
62,1,4/3/12 14:00,14,3,20120403 14:00,0.001585007,0.001210243,94596.6875,87.6469574,0.754592896,-0.744955063,0.975700378,286.7709961,12448384,17353504,15051663,0,0
63,1,4/3/12 15:00,15,3,20120403 15:00,0.001674652,0.000205994,94572.5625,88.60574341,0.484634399,-0.71096611,1.17579174,286.3623047,12448384,18519456,15051663,0,0
64,1,4/3/12 16:00,16,3,20120403 16:00,0.001039505,0.000116184,94561.5,89.32965088,0.240020752,-0.62700367,1.231590271,286.2119141,12448384,19696752,15051663,0,0
65,1,4/3/12 17:00,17,3,20120403 17:00,0.00044632,3.88E-05,94540.3125,89.59869385,0.061553955,-0.566163063,1.18297863,285.9753418,12448384,20845440,15051663,0,0
66,1,4/3/12 18:00,18,3,20120403 18:00,0.000974655,0,94541.5625,89.66564941,0.019714355,-0.841594696,1.268485069,285.248291,12448384,21990672,15051663,0,0
67,1,4/3/12 19:00,19,3,20120403 19:00,0.004112244,0,94596.625,89.57183838,0.068725586,-1.345306396,1.635280609,284.6279297,12448384,23128960,15051663,0,0
68,1,4/3/12 20:00,20,3,20120403 20:00,0.010818481,5.87E-06,94638.875,88.2918396,0.225982666,-1.129434586,1.474434853,285.1804199,12448384,24306000,15051663,0,0
69,1,4/3/12 21:00,21,3,20120403 21:00,0.014381409,0.000109673,94693.25,86.52755737,0.540039063,-0.956645012,1.390478134,286.3483887,12510148,25466400,15171511,0,0.016730769
70,1,4/3/12 22:00,22,3,20120403 22:00,0.015798569,0.000138223,94739.5,79.65402222,0.209838867,-1.25841713,1.512768745,289.4865723,13165760,26712832,16025715,0,0.213653846
71,1,4/3/12 23:00,23,3,20120403 23:00,0.017446518,0.000166759,94767.4375,73.37730408,0.310333252,-1.547785759,0.818566322,292.1496582,14499199,28007376,17633008,0,0.565384615
72,1,4/4/12 0:00,24,3,20120404 00:00,0.015972137,0.000160664,94768.5625,68.80641174,0.306854248,-1.731227875,-0.165064812,294.003418,16330205,29318912,19807040,0,0.708782051
73,1,4/4/12 1:00,1,4,20120404 01:00,0.012851715,6.10E-05,94739.5625,68.20748901,0.505828857,-2.060939789,-0.942290306,294.9448242,2308175,1309768,2664195,0,0.754102564
74,1,4/4/12 2:00,2,4,20120404 02:00,0.053970337,7.74E-05,94668.75,63.23384094,0.658721924,-1.492095947,-2.201024055,296.2089844,4946814,2672182,5671125,0,0.745897436
75,1,4/4/12 3:00,3,4,20120404 03:00,0.106140137,2.22E-05,94615.5625,59.04519653,0.638214111,-0.417736054,-2.744015694,296.8547363,7433769,3984776,8571479,0.000171244,0.68275641
76,1,4/4/12 4:00,4,4,20120404 04:00,0.068321228,0,94575.9375,57.8502655,0.495758057,-0.11923027,-2.499527931,296.7788086,9084950,5369636,10725426,0.000191182,0.521025641
77,1,4/4/12 5:00,5,4,20120404 05:00,0.077926636,0,94571.0625,57.43788147,0.50881958,-0.331121445,-2.033520699,296.875,10634623,6759034,12707700,0.000228167,0.338461538
78,1,4/4/12 6:00,6,4,20120404 06:00,0.087532043,0,94606.25,60.91053772,0.534576416,-1.089712143,-1.715860367,296.3208008,11646415,8143868,14113037,0.000302613,0.209935897
79,1,4/4/12 7:00,7,4,20120404 07:00,0.043708801,0,94649.375,68.15542603,0.343765259,-2.120662689,-1.250066757,295.2612305,12308510,9461472,15020551,0.000314504,0.048589744
80,1,4/4/12 8:00,8,4,20120404 08:00,0.019561768,0,94697.9375,74.81019592,0.194549561,-2.506884575,-0.9520998,293.0314941,12400987,10730896,15215387,0.000316918,0.014423077
81,1,4/4/12 9:00,9,4,20120404 09:00,0.014076233,0,94759.375,78.23286438,0.118179321,-2.666511536,-0.791671753,291.9020996,12400987,11993236,15215387,0.000317276,6.41E-05
82,1,4/4/12 10:00,10,4,20120404 10:00,0.006422043,0,94842.6875,81.70762634,0.182647705,-2.406463623,-0.427889824,290.9040527,12400987,13232084,15215387,0.000318944,0
83,1,4/4/12 11:00,11,4,20120404 11:00,0.003377914,0,94878.75,86.10977173,0.057830811,-1.854642868,0.161747932,289.7800293,12400987,14455422,15215323,0.000318944,0
84,1,4/4/12 12:00,12,4,20120404 12:00,0.002550125,0,94915.625,89.25956726,0.076721191,-1.694310188,1.046178818,288.4736328,12400987,15657094,15215323,0.000318289,0
85,1,4/4/12 13:00,13,4,20120404 13:00,0.002475739,0,94899.3125,92.25909424,0.093658447,-0.997034073,1.563719749,288.0168457,12400987,16876624,15215323,0.000318289,0
86,1,4/4/12 14:00,14,4,20120404 14:00,0.00144577,0,94877.0625,94.63748169,0.09828186,-0.880581856,1.740345001,287.2346191,12400987,18052896,15215323,0.000318289,0
87,1,4/4/12 15:00,15,4,20120404 15:00,0.001073837,0,94865.875,95.72532654,0.082489014,-1.008526802,1.627788544,286.7802734,12400987,19222512,15215323,0.000318289,0
88,1,4/4/12 16:00,16,4,20120404 16:00,0.000911713,0,94844.125,96.95019531,0.052642822,-1.074121475,1.613736153,286.3530273,12400987,20381792,15215323,0.000318289,0
89,1,4/4/12 17:00,17,4,20120404 17:00,0.001750946,0,94828.6875,97.82765198,0.103973389,-1.045578957,1.592356682,286.065918,12400987,21538544,15215323,0.000318289,0
90,1,4/4/12 18:00,18,4,20120404 18:00,0.006561279,0,94848.375,98.55740356,0.336364746,-0.995844841,1.530291557,285.892334,12400987,22703024,15215323,0.00031957,0
91,1,4/4/12 19:00,19,4,20120404 19:00,0.022407532,0,94900.3125,99.41627502,0.982116699,-0.884967804,1.195948601,286.3144531,12400987,23925008,15215323,0.000325203,0
92,1,4/4/12 20:00,20,4,20120404 20:00,0.039142609,0,94951.1875,99.61083984,1,-0.823866844,1.079847336,286.5805664,12400987,25186656,15215323,0.000330776,0
93,1,4/4/12 21:00,21,4,20120404 21:00,0.048976898,0,94990.375,98.85044861,1,-1.112315178,1.445384979,287.4777832,12448686,26513440,15322925,0.000342518,0.001346154
94,1,4/4/12 22:00,22,4,20120404 22:00,0.025643826,0,95050.125,90.84634399,0.940002441,-1.48052597,1.454460144,289.0192871,12860717,27858096,15986475,0.000353485,0.018397436
95,1,4/4/12 23:00,23,4,20120404 23:00,0.013049126,0,95084.375,85.20581055,0.813079834,-1.542251587,0.878116608,290.6987305,13796178,29237904,17289008,0.000354201,0.050641026
96,1,4/5/12 0:00,24,4,20120405 00:00,0.001777649,0,95082.625,80.23246765,0.426773071,-1.356940269,0.396690369,292.5996094,15503046,30572160,19363968,0.000354201,0.065833333
97,1,4/5/12 1:00,1,5,20120405 01:00,0.06086731,0,95052.8125,70.63244629,0.890716553,-1.270461082,-0.842893601,294.7202148,2025142,1372377,2425359,0,0.114807692
98,1,4/5/12 2:00,2,5,20120405 02:00,0.169647217,0,94967.5,64.94113159,0.975891113,-0.369400978,-1.674007416,296.1906738,4269565,2764506,5100118,0.000341699,0.143910256
99,1,4/5/12 3:00,3,5,20120405 03:00,0.095085144,0,94903.125,63.52468872,0.672851563,-0.486637116,-1.19473362,296.0197754,5485018,4189675,6965334,0.000348255,0.291666667
100,1,4/5/12 4:00,4,5,20120405 04:00,0.032864466,0,94851,61.86503601,0.414886475,-0.842734337,-0.715948105,296.4638672,6949583,5658755,8981037,0.000360429,0.530576923
101,1,4/5/12 5:00,5,5,20120405 05:00,0.035816915,0,94812.4375,59.62223816,0.242370606,-0.986803055,-0.642158508,296.8039551,8464827,7067483,10928635,0.000369102,0.43474359
102,1,4/5/12 6:00,6,5,20120405 06:00,0.037246704,0,94827.5,58.77349854,0.360107422,-1.225887299,-1.052643776,296.7077637,9605785,8397593,12408994,0.000370115,0.194487179
103,1,4/5/12 7:00,7,5,20120405 07:00,0.028202057,0,94863.1875,62.03182983,0.298995972,-1.168458939,-1.2263937,295.8510742,10228506,9734846,13269791,0.000369608,0.057179487
104,1,4/5/12 8:00,8,5,20120405 08:00,0.012613297,0,94891.9375,67.90325928,0.186706543,-1.388213158,-1.463539124,293.0834961,10340440,11008640,13479773,0.000369608,0.012564103
105,1,4/5/12 9:00,9,5,20120405 09:00,0.004989624,0,94964.6875,70.86979675,0.053314209,-1.801319122,-1.140231133,292.1333008,10340440,12286447,13479773,0.000369608,6.41E-05
106,1,4/5/12 10:00,10,5,20120405 10:00,0.007600784,0,95043.9375,73.94673157,0.046112061,-2.277619362,-0.392104149,291.1401367,10340440,13510022,13479773,0.000369608,0
107,1,4/5/12 11:00,11,5,20120405 11:00,0.009542465,0,95076.1875,79.42721558,0.138580322,-2.343209267,-0.060688972,290.2980957,10340440,14727958,13479584,0.00037241,0
108,1,4/5/12 12:00,12,5,20120405 12:00,0.007974625,0,95102.1875,84.03846741,0.153213501,-1.854221344,0.230442047,289.3503418,10340440,15941579,13479584,0.000373393,0
109,1,4/5/12 13:00,13,5,20120405 13:00,0.006184578,0,95069.125,87.41564941,0.089691162,-1.450204849,0.814248085,288.2937012,10340440,17140336,13479584,0.000373781,0
110,1,4/5/12 14:00,14,5,20120405 14:00,0.006626129,0,95051.4375,90.32780457,0.078826904,-1.293736458,1.136377335,287.598877,10340440,18319104,13479584,0.000374794,0
111,1,4/5/12 15:00,15,5,20120405 15:00,0.006381989,0,95032.1875,92.24432373,0.151885986,-1.167197227,0.95266819,287.6252441,10340440,19533584,13479584,0.00037545,0
112,1,4/5/12 16:00,16,5,20120405 16:00,0.004621506,0,94997,93.60044861,0.135559082,-1.218704224,1.066754341,287.0065918,10340440,20715920,13479584,0.00037545,0
113,1,4/5/12 17:00,17,5,20120405 17:00,0.00645585,0,94966.375,94.3170929,0.152648926,-1.04784584,1.185034752,286.6364746,10340440,21905776,13479584,0.000376165,0
114,1,4/5/12 18:00,18,5,20120405 18:00,0.009487152,0,94968.125,95.2102356,0.18661499,-1.013585091,1.261163712,286.1865234,10340440,23081280,13479584,0.000378579,0
115,1,4/5/12 19:00,19,5,20120405 19:00,0.011852264,0,94996.0625,95.55491638,0.194366455,-0.952600479,1.193256378,286.2133789,10340440,24282752,13479584,0.000381708,0
116,1,4/5/12 20:00,20,5,20120405 20:00,0.012638092,0,95025,95.66464233,0.270050049,-1.003707886,1.385773659,285.628418,10340440,25446384,13479584,0.00038448,0
117,1,4/5/12 21:00,21,5,20120405 21:00,0.011517525,0,95018.3125,95.60652161,0.210449219,-0.711614609,1.103033066,286.7290039,10404048,26622848,13596696,0.000387609,0.015897436
118,1,4/5/12 22:00,22,5,20120405 22:00,0.003065109,0,95030.8125,87.84429932,0.236495972,-1.269030571,0.735164642,288.8203125,11037752,27827408,14428177,0.000389367,0.196153846
119,1,4/5/12 23:00,23,5,20120405 23:00,0.002170563,0,95024.625,81.16828918,0.134017944,-1.131651878,-0.104237557,290.652832,12399394,29032432,16049015,0.000390023,0.573717949
120,1,4/6/12 0:00,24,5,20120406 00:00,0.001787186,0,94983,76.79664612,0.041412354,-1.092358589,-0.636347771,292.0478516,14217343,30260528,18201280,0.000390023,0.665961538
121,1,4/6/12 1:00,1,6,20120406 01:00,0.00188446,0,94917.0625,72.10778809,0.033630371,-0.530202866,-1.497364998,294.0063477,2441478,1248743,2745807,0,0.765705128
122,1,4/6/12 2:00,2,6,20120406 02:00,0.011533737,0,94830.9375,67.74797058,0.117889404,0.347594261,-2.276397705,295.4501953,5127000,2526694,5748876,0,0.685769231
123,1,4/6/12 3:00,3,6,20120406 03:00,0.111858368,0.000327587,94739.6875,63.4178772,0.452758789,1.775917053,-2.699770927,296.3278809,7519083,3871025,8532067,8.41E-05,0.592051282
124,1,4/6/12 4:00,4,6,20120406 04:00,0.103549957,0.005903244,94672.875,61.13749695,1,2.369630814,-2.508481979,296.5,9196219,5239019,10673026,0.000151753,0.57025641
125,1,4/6/12 5:00,5,6,20120406 05:00,0.074653625,0.004585266,94610,60.53059387,0.98739624,2.191403389,-2.405546188,296.2231445,10236989,6583611,12173467,0.000160366,0.401153846
126,1,4/6/12 6:00,6,6,20120406 06:00,0.047246117,0.002923727,94591.0625,59.35743713,0.941725075,2.275777817,-2.539503098,296.4702148,11369093,7994292,13611242,0.000194341,0.211410256
127,1,4/6/12 7:00,7,6,20120406 07:00,0.031680245,0.001905747,94574.8125,63.44313049,0.888637424,1.371965408,-1.80443573,295.2971191,11902540,9265841,14376432,0.000195354,0.073846154
128,1,4/6/12 8:00,8,6,20120406 08:00,0.024820328,0.00202636,94605.8125,67.36553955,0.968626678,1.414550781,-1.694457054,293.520752,12010636,10564363,14564255,0.000195384,0.017371795
129,1,4/6/12 9:00,9,6,20120406 09:00,0.002949715,0.003051999,94617.125,70.7880249,0.891421497,1.2977705,-1.700605392,292.5893555,12010636,11863712,14564255,0.000195384,6.41E-05
130,1,4/6/12 10:00,10,6,20120406 10:00,0.002277374,0.00361815,94615.25,73.89990234,0.999031007,1.162963867,-1.870576859,291.3737793,12010636,13088342,14564255,0.000195384,0
131,1,4/6/12 11:00,11,6,20120406 11:00,0.000923157,0.00958252,94584.4375,74.99969482,1,0.910897255,-2.242650986,290.9094238,12010636,14301286,14564374,0.000195384,0
132,1,4/6/12 12:00,12,6,20120406 12:00,0.00069809,0.009273529,94525.875,74.61651611,0.994219184,0.967316628,-2.66602993,290.8898926,12010636,15519060,14564374,0.000195384,0
133,1,4/6/12 13:00,13,6,20120406 13:00,0.004341125,0.009452835,94478.5,74.10624695,0.617780924,1.407344818,-2.704147339,290.7421875,12010636,16730356,14564374,0.000195384,0
134,1,4/6/12 14:00,14,6,20120406 14:00,0.022224426,0.007098921,94441.6875,73.83277893,0.753984511,2.128288269,-2.42766571,290.6555176,12010636,17950176,14564374,0.000195384,0
135,1,4/6/12 15:00,15,6,20120406 15:00,0.0078125,0.011562347,94409,72.84675598,0.824641705,2.799093246,-2.388338089,290.9294434,12010636,19218528,14564374,0.000195384,0
136,1,4/6/12 16:00,16,6,20120406 16:00,0.003036499,0.002880096,94412.75,73.23968506,0.343079686,3.923478127,-1.819106102,290.7749023,12010636,20450288,14564374,0.000195742,0
137,1,4/6/12 17:00,17,6,20120406 17:00,0,0.002267838,94417.4375,77.68132019,0.383270264,4.13242054,-0.199350357,289.8491211,12010636,21630256,14564374,0.000195742,0
138,1,4/6/12 18:00,18,6,20120406 18:00,0,0.001239777,94450.375,73.77723694,0.352752686,3.394238472,0.282260895,288.7648926,12010636,22779456,14564374,0.000195742,0
139,1,4/6/12 19:00,19,6,20120406 19:00,0,0,94491.5625,63.90968323,0,2.638450623,-0.437296867,287.4858398,12010636,23889488,14564374,0.000195742,0
140,1,4/6/12 20:00,20,6,20120406 20:00,0,0,94569.875,56.76290894,0,2.842995644,-0.634771347,286.1608887,12010636,24924032,14564374,0.000195742,0
141,1,4/6/12 21:00,21,6,20120406 21:00,0,0,94660.4375,58.24838257,0,2.334516525,-0.585645676,284.9162598,12079911,25850032,14672443,0.000195742,0.0125
142,1,4/6/12 22:00,22,6,20120406 22:00,0,0,94743.25,58.80953979,0,2.046388626,-0.634778976,286.7661133,12804577,26803616,15490690,0.000195742,0.248333333
143,1,4/6/12 23:00,23,6,20120406 23:00,0,0,94793.5625,51.72666931,0,0.984120369,-0.440719307,288.3752441,14299047,27777488,17081216,0.000195742,0.646666667
144,1,4/7/12 0:00,24,6,20120407 00:00,0,0,94791.6875,47.13150024,0,0.373238564,-0.86402911,289.9277344,16455441,28778400,19324304,0.000195742,0.78025641
145,1,4/7/12 1:00,1,7,20120407 01:00,0,0,94757.5,46.74232483,0,2.197602272,-1.310305595,291.6594238,2629754,1034153.875,2720283,0,0.829423077
146,1,4/7/12 2:00,2,7,20120407 02:00,0,0,94714,41.56718445,0,2.084272385,-1.605901718,292.8220215,5511261,2088483,5700631,0,0.813589744
147,1,4/7/12 3:00,3,7,20120407 03:00,0,0,94672.4375,38.19422913,0,2.004965782,-1.804682732,293.5935059,8404949,3152879,8703912,0,0.758076923
148,1,4/7/12 4:00,4,7,20120407 04:00,0,0,94645.6875,36.87911987,0,1.831564903,-2.119558334,293.9663086,11066582,4221576,11491773,0,0.641538462
149,1,4/7/12 5:00,5,7,20120407 05:00,0,0,94662,37.34101868,0,2.420876503,-2.739507675,293.6791992,13270234,5286126,13841620,0,0.4725
150,1,4/7/12 6:00,6,7,20120407 06:00,0,0,94694.5625,39.19078064,0,2.35439682,-2.389270782,292.7910156,14834401,6340250,15564168,0,0.248782051
151,1,4/7/12 7:00,7,7,20120407 07:00,0,0,94754.0625,43.73782349,0,1.291649818,-1.978932381,291.229248,15652608,7366742,16524416,0,0.056217949
152,1,4/7/12 8:00,8,7,20120407 08:00,0,0,94826.875,49.44204712,0,1.088053703,-1.986083031,288.0180664,15772159,8353790,16715910,0,0.009166667
153,1,4/7/12 9:00,9,7,20120407 09:00,0,0,94895.8125,54.08493042,0,0.656002998,-1.890786171,286.0532227,15772159,9340751,16715910,0,6.41E-05
154,1,4/7/12 10:00,10,7,20120407 10:00,0,0,94970.4375,59.53988647,0,-0.581911087,-1.733222008,284.527832,15772159,10320900,16715910,0,0
155,1,4/7/12 11:00,11,7,20120407 11:00,8.39E-05,0,95030,65.59968567,0,-1.831729889,-1.113746643,283.8623047,15772159,11301521,16716313,0,0
156,1,4/7/12 12:00,12,7,20120407 12:00,0.001338959,0,95059,72.81442261,0.003356934,-2.378716469,-0.4944067,283.729248,15772159,12285643,16716313,0,0
157,1,4/7/12 13:00,13,7,20120407 13:00,0.003730774,0,95059.8125,79.46537781,0.038513184,-2.144875526,-0.393280029,283.4145508,15772159,13276343,16716313,0,0
158,1,4/7/12 14:00,14,7,20120407 14:00,0.020149231,0.002949476,95044.5625,82.62019348,0.905548096,-2.03579998,-0.087438583,282.7062988,15772159,14265783,16716313,0,0
159,1,4/7/12 15:00,15,7,20120407 15:00,0.0391922,0.006059408,95036.625,82.76829529,0.773345947,-1.892835617,0.213271141,282.7124023,15772159,15298228,16716313,0,0
160,1,4/7/12 16:00,16,7,20120407 16:00,0.044235229,0.00051713,95005.4375,82.39576721,0.525878906,-1.644645691,-0.005056381,283.3776855,15772159,16416617,16716313,0,0
161,1,4/7/12 17:00,17,7,20120407 17:00,0.040924072,5.51E-05,94960.625,82.21957397,0.555603027,-1.546147346,-0.351885796,283.5458984,15772159,17545872,16716313,0,0
162,1,4/7/12 18:00,18,7,20120407 18:00,0.043930054,0.000613689,94930.875,82.56369019,0.599700928,-1.477897644,-0.531654358,283.8894043,15772159,18714960,16716313,0,0
163,1,4/7/12 19:00,19,7,20120407 19:00,0.047019959,0.005194426,94906.8125,82.97181702,0.907104492,-1.268211365,-0.634123802,283.9750977,15772159,19890736,16716313,6.19E-05,0
164,1,4/7/12 20:00,20,7,20120407 20:00,0.046180725,0.002336502,94902.0625,84.05375671,0.697753906,-1.183460236,-0.648685455,284.1721191,15772159,21092368,16716313,7.30E-05,0
165,1,4/7/12 21:00,21,7,20120407 21:00,0.045734406,0.002963066,94894.875,85.96289062,0.773263276,-1.019070625,-0.68180275,284.1210938,15819179,22190016,16804992,8.17E-05,0.009166667
166,1,4/7/12 22:00,22,7,20120407 22:00,0.062129974,0.000591278,94925.3125,82.75759888,0.865937352,-1.10395813,-1.50274086,285.7575684,16197863,23409712,17363936,8.87E-05,0.101410256
167,1,4/7/12 23:00,23,7,20120407 23:00,0.111667633,0.003022446,94916.6875,72.62611389,0.990659297,-0.214148521,-3.744122505,287.8981934,17113088,24663088,18546128,9.66E-05,0.314615385
168,1,4/8/12 0:00,24,7,20120408 00:00,0.16683197,0.009800587,94855.4375,68.76185608,1,1.445681572,-4.045055389,289.1730957,18052160,25989776,19928960,0.000224203,0.269102564
169,1,4/8/12 1:00,1,8,20120408 01:00,0.19821167,0.00607872,94713.125,71.75868225,1.000006676,1.11882782,-3.455931664,289.5163574,696563.8125,1363591,1339015,0,0.362820513
170,1,4/8/12 2:00,2,8,20120408 02:00,0.162055969,0.000314713,94610.8125,67.82633972,0.967467785,2.355145454,-3.560808182,290.7766113,1586308,2748981,2886448,0.000433296,0.396923077
171,1,4/8/12 3:00,3,8,20120408 03:00,0.088874817,0.002015962,94519,64.24198914,0.924598217,3.289752007,-3.921551704,291.0976562,2610687,4138143,4504118,0.000473917,0.565576923
172,1,4/8/12 4:00,4,8,20120408 04:00,0.053741455,0.01170937,94443.875,59.55247498,0.988287032,4.14501667,-3.971236229,291.564209,4424684,5444536,6691259,0.000476241,0.454294872
173,1,4/8/12 5:00,5,8,20120408 05:00,0.018474579,0.010255359,94390.25,60.24594116,0.955702364,4.65713501,-3.120922089,290.9887695,5840447,6743938,8469151,0.000476718,0.442948718
174,1,4/8/12 6:00,6,8,20120408 06:00,0.003376007,0.01853076,94381,60.80671692,0.904334366,4.508517265,-2.304724693,290.0922852,6923053,7904939,9812128,0.000476539,0.219935897
175,1,4/8/12 7:00,7,8,20120408 07:00,0.000610352,0.027667999,94414.1875,62.09049988,0.929729521,3.980539322,-1.616467476,288.810791,7461866,9004340,10537784,0.00047648,0.060320513
176,1,4/8/12 8:00,8,8,20120408 08:00,0.000534058,0.031497955,94473.5625,62.70706177,0.974032939,3.605610847,-1.358618736,287.3144531,7543100,10123606,10679814,0.00047648,0.011730769
177,1,4/8/12 9:00,9,8,20120408 09:00,0.000213623,0.017356873,94557.3125,62.51791382,0.888458252,3.842373848,-1.283725739,286.0629883,7543100,11198691,10679814,0.000476599,0
178,1,4/8/12 10:00,10,8,20120408 10:00,0.000335693,0,94604.625,60.24028015,0.005340576,3.795237541,-0.923979759,284.9282227,7543100,12224812,10679814,0.000476599,0
179,1,4/8/12 11:00,11,8,20120408 11:00,0.000732422,0,94635.625,60.44142151,0.009002686,3.539142609,-0.408912659,283.7209473,7543100,13167766,10680134,0.000476599,0
180,1,4/8/12 12:00,12,8,20120408 12:00,0.001464844,0,94646.25,63.27603149,0.015396118,3.288638115,-0.198368073,282.9433594,7543100,14104954,10680134,0.000476599,0
181,1,4/8/12 13:00,13,8,20120408 13:00,0.000128746,0,94620.3125,64.93275452,0,3.199251175,-0.274559021,282.4597168,7543100,15039495,10680134,0.000476599,0
182,1,4/8/12 14:00,14,8,20120408 14:00,0,0,94585.875,64.38510132,0,3.315901756,-0.359243393,282.1975098,7543100,15969737,10680134,0.000476599,0
183,1,4/8/12 15:00,15,8,20120408 15:00,0,0,94550.875,63.046875,0,3.586881638,-0.379914284,281.9851074,7543100,16893008,10680134,0.000476599,0
184,1,4/8/12 16:00,16,8,20120408 16:00,0,0,94510.875,61.62658691,0,3.683226585,-0.151685715,281.7141113,7543100,17808624,10680134,0.000477314,0
185,1,4/8/12 17:00,17,8,20120408 17:00,0,0,94466.4375,60.44882202,0,3.516405106,0.083708763,281.3566895,7543100,18714528,10680134,0.000477314,0
186,1,4/8/12 18:00,18,8,20120408 18:00,0,0,94453.25,61.04418945,0,3.231019974,0.126543999,281.0378418,7543100,19619968,10680134,0.000477314,0
187,1,4/8/12 19:00,19,8,20120408 19:00,0,0,94471.4375,62.26675415,0,3.015865326,-0.081310272,280.7419434,7543100,20528848,10680134,0.000477314,0
188,1,4/8/12 20:00,20,8,20120408 20:00,0,0,94508.75,65.10281372,0,2.847166061,-0.352404594,280.4628906,7543100,21441328,10680134,0.000477314,0
189,1,4/8/12 21:00,21,8,20120408 21:00,0,0,94552.875,68.63948059,0,2.699562073,-0.66046238,281.0095215,7602860,22361152,10779084,0.000477314,0.010064103
190,1,4/8/12 22:00,22,8,20120408 22:00,0,0,94605.5625,68.44424438,0,3.533377647,-0.822768211,283.2836914,8279706,23319760,11579136,0.000477314,0.180961538
191,1,4/8/12 23:00,23,8,20120408 23:00,0.003826141,0,94635.875,60.54586792,0.103622437,5.443162918,0.778237343,285.2800293,9701846,24297840,13146761,0.000477314,0.650833333
192,1,4/9/12 0:00,24,8,20120409 00:00,0.007610321,0,94623.0625,54.9901886,0.114257813,5.758280754,0.552235603,286.6062012,11713796,25293888,15317409,0.000477314,0.57
193,1,4/9/12 1:00,1,9,20120409 01:00,0.009483337,2.19E-05,94625.375,52.34687805,0.244110107,7.043959618,-0.505292893,287.7556152,2453442,1035287.625,2625361,0,0.799679487
194,1,4/9/12 2:00,2,9,20120409 02:00,0.013652802,0.000259399,94573.875,48.69470215,0.556243897,7.143340111,-0.614609718,288.239502,4855784,2125379,5252654,0,0.772179487
195,1,4/9/12 3:00,3,9,20120409 03:00,0.049499512,0.002342224,94512.25,45.24769592,0.72341919,7.914916039,-0.408782005,288.3361816,7166806,3223160,7813469,0,0.764358974
196,1,4/9/12 4:00,4,9,20120409 04:00,0.076019287,0.007591248,94504.8125,50.99357605,0.749145508,8.027666092,-0.341292381,287.5234375,8937402,4435326,9924410,0,0.662564103
197,1,4/9/12 5:00,5,9,20120409 05:00,0.07170105,0.004356384,94526.875,53.51318359,0.60949707,7.073544502,-0.167383194,286.6105957,9842319,5608822,11234950,0,0.220064103
198,1,4/9/12 6:00,6,9,20120409 06:00,0.03313446,0.001998901,94584.375,53.18553162,0.374481201,6.458950043,0.208794594,286.2922363,10921977,6732678,12575190,0,0.191602564
199,1,4/9/12 7:00,7,9,20120409 07:00,0.04512554,0.003036499,94626.5,56.93934631,0.503601074,5.67355442,0.419929326,285.2539062,11529679,7813692,13351278,0,0.080192308
200,1,4/9/12 8:00,8,9,20120409 08:00,0.032598317,0.001934052,94710.375,60.66592407,0.219604492,4.908146858,0.726364732,284.177002,11608182,8932529,13498565,0,0.009935897
201,1,4/9/12 9:00,9,9,20120409 09:00,0.01701355,0.001091003,94793,63.3837738,0.104400635,3.92183876,0.862222612,283.1645508,11608182,10006564,13498565,0,0
202,1,4/9/12 10:00,10,9,20120409 10:00,0.028137207,0.003225327,94867.0625,67.82240295,0.189666748,3.136564255,1.312703133,282.0546875,11608182,10996969,13498565,0,0
203,1,4/9/12 11:00,11,9,20120409 11:00,0.015777588,0.003017426,94928.125,68.91369629,0.116027832,2.285730362,1.732177734,281.1396484,11608182,11964630,13498673,0,0
204,1,4/9/12 12:00,12,9,20120409 12:00,0.005756378,0.002410889,94981.875,69.38858032,0.077255249,1.457690239,1.401152611,279.8400879,11608182,12878156,13498673,0,0
205,1,4/9/12 13:00,13,9,20120409 13:00,0,0,95002.125,70.49537659,0,1.291432381,1.390625,278.9250488,11608182,13778788,13498673,0,0
206,1,4/9/12 14:00,14,9,20120409 14:00,0,0,95042.1875,71.12129211,0,0.843217135,1.697357178,278.050293,11608182,14648271,13498673,0,0
207,1,4/9/12 15:00,15,9,20120409 15:00,0,0,95085.1875,68.34928894,0,0.642865539,1.988744736,277.2714844,11608182,15498716,13498673,0,0
208,1,4/9/12 16:00,16,9,20120409 16:00,0,0,95108.6875,65.63890076,0,0.893481135,2.035831451,276.6479492,11608182,16331708,13498673,0,0
209,1,4/9/12 17:00,17,9,20120409 17:00,0,0,95142.4375,64.40026855,0,1.070254326,2.038583755,276.1396484,11608182,17158112,13498673,0,0
210,1,4/9/12 18:00,18,9,20120409 18:00,0,0,95186.9375,63.99807739,0,0.915397704,2.114415169,276.027832,11608182,17980832,13498673,0,0
211,1,4/9/12 19:00,19,9,20120409 19:00,0,0,95254.0625,62.93925476,0.004684448,0.622340858,2.171539307,276.2036133,11608182,18800080,13498673,0,0
212,1,4/9/12 20:00,20,9,20120409 20:00,0,0,95325.4375,62.85295105,0.004669189,0.405356407,2.270751953,276.4729004,11608182,19620160,13498673,0,0
213,1,4/9/12 21:00,21,9,20120409 21:00,0,0,95389.9375,63.7520752,0.006362915,0.294033051,2.530039787,277.0769043,11665572,20444672,13592903,0,0.010320513
214,1,4/9/12 22:00,22,9,20120409 22:00,0,0,95451.625,62.0284729,0.004684448,-0.104259491,3.70639801,279.8395996,12342846,21322016,14378552,0,0.176474359
215,1,4/9/12 23:00,23,9,20120409 23:00,0,0,95506.0625,56.15779114,0,-0.471403122,4.813685417,281.7419434,13777527,22216624,15930850,0,0.680448718
216,1,4/10/12 0:00,24,9,20120410 00:00,0,0,95524.5,49.12219238,0,-0.732067108,4.812169075,283.5080566,15865661,23132096,18130752,0,0.831153846
217,1,4/10/12 1:00,1,10,20120410 01:00,0,0,95592.6875,43.38504028,0,-0.752819061,3.91368866,284.940918,2558281,935500.375,2668006,0,0.903974359
218,1,4/10/12 2:00,2,10,20120410 02:00,0.000114441,0,95574.6875,38.83863831,0.009338379,-0.84168911,3.617388725,286.0483398,5372297,1885255,5589066,0,0.846346154
219,1,4/10/12 3:00,3,10,20120410 03:00,0.000473022,4.48E-05,95531.9375,35.2484436,0.02406311,-0.936989784,3.622735023,286.8955078,8200370,2841648,8529557,0,0.703269231
220,1,4/10/12 4:00,4,10,20120410 04:00,0.001878738,0.000747681,95532.6875,33.21376038,0.046844482,-0.860754967,3.901262283,287.3791504,10790473,3805083,11248788,0,0.650064103
221,1,4/10/12 5:00,5,10,20120410 05:00,0.00336647,0.00164032,95522.0625,32.77874756,0.150268555,-0.714103699,4.382455826,287.322998,12919842,4761087,13528128,0,0.49275641
222,1,4/10/12 6:00,6,10,20120410 06:00,0.002254486,0.000473976,95573.125,34.42402649,0.168640137,-1.03845787,4.365320206,286.7666016,14380868,5731753,15152911,0,0.258653846
223,1,4/10/12 7:00,7,10,20120410 07:00,0.004787445,0.000314713,95620.1875,37.62753296,0.067581177,-0.998459816,3.217129707,285.5102539,15082504,6685361,16007732,0,0.054166667
224,1,4/10/12 8:00,8,10,20120410 08:00,0.004637718,0.000211954,95704.1875,40.06034851,0.028427124,-0.691570282,3.518320084,283.6218262,15167496,7619195,16158897,0,0.008269231
225,1,4/10/12 9:00,9,10,20120410 09:00,0.003356934,0.000132322,95795.625,46.42250061,0.033355713,-0.799695015,4.171139717,282.4555664,15167496,8551461,16158897,0,0
226,1,4/10/12 10:00,10,10,20120410 10:00,0.002475739,0.00011158,95853.125,51.66706848,0.058319092,-0.977127075,3.80215168,281.390625,15167496,9466049,16158950,0,0
227,1,4/10/12 11:00,11,10,20120410 11:00,0.000667572,1.62E-05,95911.625,53.9989624,0,-1.103471756,3.598599434,280.5715332,15167496,10365025,16158950,0,0
228,1,4/10/12 12:00,12,10,20120410 12:00,8.77E-05,0,95962.1875,59.034729,0,-1.098753929,3.498263359,279.8398438,15167496,11250521,16158950,0,0
229,1,4/10/12 13:00,13,10,20120410 13:00,2.29E-05,0,95992.75,65.25508118,0.000976563,-1.069555283,3.158288002,279.1442871,15167496,12127065,16158950,0,0
230,1,4/10/12 14:00,14,10,20120410 14:00,2.29E-05,0,95986.125,69.97084045,0,-1.015425682,2.764142036,278.625,15167496,13003901,16158950,0,0
231,1,4/10/12 15:00,15,10,20120410 15:00,0,0,95975.375,72.10652161,0,-0.752358437,2.528841972,278.2368164,15167496,13880147,16158950,0,0
232,1,4/10/12 16:00,16,10,20120410 16:00,0,0,95942,73.0297699,0,-0.587388039,2.589734077,277.9707031,15167496,14752607,16158950,0,0
233,1,4/10/12 17:00,17,10,20120410 17:00,0,0,95904.8125,74.51719666,0,-0.639943123,2.664357185,277.8173828,15167496,15623172,16158950,0,0
234,1,4/10/12 18:00,18,10,20120410 18:00,0,0,95894.8125,75.44429016,0,-0.664759636,2.580053329,277.7290039,15167496,16505477,16158950,0,0
235,1,4/10/12 19:00,19,10,20120410 19:00,0,0,95897,75.10014343,0,-0.672469139,2.501001358,277.7070312,15167496,17399760,16158950,0,0
236,1,4/10/12 20:00,20,10,20120410 20:00,0,0,95923.0625,74.63397217,0,-0.716340065,2.479909897,277.7033691,15167496,18298608,16158950,0,0
237,1,4/10/12 21:00,21,10,20120410 21:00,0,0,95956.3125,73.7644043,0,-0.854627609,2.70554924,278.357666,15218782,19201792,16249464,0,0.009615385
238,1,4/10/12 22:00,22,10,20120410 22:00,0,0,96028.0625,68.55055237,0,-1.191368103,3.536104202,280.7148438,15856689,20144672,17025584,0,0.16224359
239,1,4/10/12 23:00,23,10,20120410 23:00,0,0,96057.4375,62.84542847,0,-1.442456245,3.646953583,282.9821777,17229984,21106912,18569760,0,0.664679487
240,1,4/11/12 0:00,24,10,20120411 00:00,3.81E-05,0,96060.375,58.22743225,0,-1.775485039,3.318906784,285.1105957,19242528,22093152,20762416,0,0.799551282
241,1,4/11/12 1:00,1,11,20120411 01:00,0.00567627,0,96091.1875,51.37347412,0.212768555,-2.410977364,3.370331764,287.244873,2500207,1007156.312,2675266,0,0.841474359
242,1,4/11/12 2:00,2,11,20120411 02:00,0.032531738,0.002348423,96055.4375,44.6600647,0.710784912,-2.112257004,3.046634674,288.6665039,5077627,2099899,5467031,0,0.82275641
243,1,4/11/12 3:00,3,11,20120411 03:00,0.066986084,0.013800621,95976.1875,39.17588806,0.91986084,-1.664786339,2.779514313,289.2385254,7033090,3283383,7787149,0,0.785641026
244,1,4/11/12 4:00,4,11,20120411 04:00,0.065750122,0.01102066,95948.5625,37.18374634,1,-1.669524193,2.383769989,289.4919434,8410282,4493498,9588376,0,0.596538462
245,1,4/11/12 5:00,5,11,20120411 05:00,0.019416809,0.004563808,95913.125,38.03773499,0.737854004,-2.253471375,1.920158386,289.2172852,9284889,5762205,10874096,0,0.495576923
246,1,4/11/12 6:00,6,11,20120411 06:00,0.005645752,0.000795841,95934.8125,43.01251221,0.461380005,-3.319741249,0.933274269,288.6489258,10191435,6985976,12043524,0,0.253782051
247,1,4/11/12 7:00,7,11,20120411 07:00,0.001117706,5.50E-05,95963.75,50.56411743,0.069641113,-3.062158585,-0.13707161,287.2197266,10696840,8122512,12724724,0,0.067051282
248,1,4/11/12 8:00,8,11,20120411 08:00,0.00030899,0,95991.9375,60.07081604,0.015319824,-2.225034714,-0.570168495,284.2802734,10777112,9110991,12870348,0,0.009102564
249,1,4/11/12 9:00,9,11,20120411 09:00,6.48E-05,0,96057.6875,66.58883667,0,-2.064946175,-0.704586029,282.3745117,10777112,10084139,12870348,0,0
250,1,4/11/12 10:00,10,11,20120411 10:00,0,0,96126.125,71.30363464,0,-2.259174347,-0.404806137,281.4157715,10777112,11042824,12870348,0,0
251,1,4/11/12 11:00,11,11,20120411 11:00,0,0,96153.75,74.92576599,0,-1.729877472,0.255659401,281.8696289,10777112,11991688,12870102,0,0
252,1,4/11/12 12:00,12,11,20120411 12:00,0,0,96181.6875,78.00386047,0,-0.8253088,0.783070803,282.111084,10777112,12938580,12870102,0,0
253,1,4/11/12 13:00,13,11,20120411 13:00,0,0,96188.375,82.11018372,0,-0.676123619,1.471642494,279.4106445,10777112,13883076,12870102,0,0
254,1,4/11/12 14:00,14,11,20120411 14:00,0,0,96168.625,87.99967957,0,-0.907846451,1.378429413,278.3703613,10777112,14823833,12870102,0,0
255,1,4/11/12 15:00,15,11,20120411 15:00,0,0,96155,91.09695435,0,-0.793719292,0.910950661,278.2890625,10777112,15755879,12870102,0,0
256,1,4/11/12 16:00,16,11,20120411 16:00,0,0,96135.125,93.52832031,0,-0.313620567,1.037791252,277.9101562,10777112,16681041,12870102,0,0
257,1,4/11/12 17:00,17,11,20120411 17:00,0,0,96102.0625,96.09417725,0,-0.090082169,0.90690136,277.3510742,10777112,17602160,12870102,0,0
258,1,4/11/12 18:00,18,11,20120411 18:00,0,0,96071.8125,97.00614929,0,-0.157417297,0.686506271,276.9580078,10777112,18518816,12870102,0,0
259,1,4/11/12 19:00,19,11,20120411 19:00,0.000228405,0,96081.4375,96.77384949,0.467529297,-0.202308655,0.553222656,276.7719727,10777112,19430080,12870102,0,0
260,1,4/11/12 20:00,20,11,20120411 20:00,0.002552032,0,96093.9375,96.84257507,0.469207764,-0.306165695,0.556232452,276.4667969,10777112,20346912,12870102,0,0
261,1,4/11/12 21:00,21,11,20120411 21:00,0.00451088,0,96111.5,96.272995,0.635772705,-0.28059864,0.376978874,276.420166,10823004,21315888,12954263,0,0.010192308
262,1,4/11/12 22:00,22,11,20120411 22:00,0.001431465,0,96162.625,88.88703918,0.308578491,0.045433998,0.391926765,279.8435059,11367218,22348144,13651222,0,0.081025641
263,1,4/11/12 23:00,23,11,20120411 23:00,0,0,96195.25,76.43789673,0,0.175759316,0.011073112,283.4741211,12542001,23355744,15059232,0,0.448717949
264,1,4/12/12 0:00,24,11,20120412 00:00,0,0,96186,65.1812439,0,0.679748535,-0.664698601,286.4421387,14538164,24379744,17232848,0,0.758974359
265,1,4/12/12 1:00,1,12,20120412 01:00,0,0,96170,57.4460907,0,0.547827721,-0.621043205,288.104248,2463701,1039350.125,2634950,0,0.80025641
266,1,4/12/12 2:00,2,12,20120412 02:00,0,0,96100.4375,49.63470459,0,0.814538002,-1.16369915,289.701416,5181965,2087745,5526308,0,0.794807692
267,1,4/12/12 3:00,3,12,20120412 03:00,0,0,96027.4375,44.77619934,0,1.074016571,-1.448407173,290.8234863,7910681,3145081,8434286,0,0.729871795
268,1,4/12/12 4:00,4,12,20120412 04:00,0,0,95977.25,42.70983887,0,0.942347527,-1.604529381,291.4887695,10409127,4209542,11122173,0,0.6275
269,1,4/12/12 5:00,5,12,20120412 05:00,0,0,95920.6875,42.18959045,0,0.765604973,-1.767673492,291.6708984,12457433,5274960,13368908,0,0.453653846
270,1,4/12/12 6:00,6,12,20120412 06:00,0,0,95929.8125,42.96252441,0,0.592238426,-2.033860207,291.364502,13878931,6335482,14988558,0,0.232371795
271,1,4/12/12 7:00,7,12,20120412 07:00,0,0,95928.1875,49.93011475,0,0.354785919,-1.593889236,289.6831055,14571551,7382408,15850622,0,0.048653846
272,1,4/12/12 8:00,8,12,20120412 08:00,0,0,95948.8125,57.86488342,0,0.974777222,-2.002643585,285.854248,14645214,8397151,15987466,0,0.007435897
273,1,4/12/12 9:00,9,12,20120412 09:00,0,0,95978.1875,66.17684937,0,1.367677689,-1.680000305,284.3469238,14645214,9428997,15987466,0,0
274,1,4/12/12 10:00,10,12,20120412 10:00,0,0,96017.5625,73.47987366,0,1.356589317,-1.501701355,283.1691895,14645214,10451745,15987315,0,0
275,1,4/12/12 11:00,11,12,20120412 11:00,0,0,96036.6875,79.29174805,0,1.234707832,-1.333539963,282.3479004,14645214,11466934,15987315,0,0
276,1,4/12/12 12:00,12,12,20120412 12:00,0,0,96060.25,83.98973083,0,0.885991097,-0.88838768,281.7590332,14645214,12472380,15987315,0,0
277,1,4/12/12 13:00,13,12,20120412 13:00,0,0,96044.875,87.49049377,0,0.481978416,-0.364438057,281.8151855,14645214,13470212,15987315,0,0
278,1,4/12/12 14:00,14,12,20120412 14:00,0,0,96006.3125,89.45429993,0,0.126877785,0.075896263,281.4233398,14645214,14460921,15987315,0,0
279,1,4/12/12 15:00,15,12,20120412 15:00,0,0,95978.3125,90.19180298,0,-0.055397034,0.215129852,280.9348145,14645214,15445791,15987315,0,0
280,1,4/12/12 16:00,16,12,20120412 16:00,0,0,95958.625,90.31715393,0,-0.080738068,0.365754128,280.4394531,14645214,16425225,15987315,0,0
281,1,4/12/12 17:00,17,12,20120412 17:00,0,0,95938.25,89.93766785,0,-0.138899803,0.573993683,280.0192871,14645214,17399392,15987315,0,0
282,1,4/12/12 18:00,18,12,20120412 18:00,0,0,95924.9375,89.57124329,0,-0.23538208,0.777547836,279.6652832,14645214,18368128,15987315,0,0
283,1,4/12/12 19:00,19,12,20120412 19:00,0,0,95935.375,89.56231689,0,-0.306995392,0.679864883,279.4250488,14645214,19330720,15987315,0,0
284,1,4/12/12 20:00,20,12,20120412 20:00,0,0,95949.5,90.05828857,0,-0.231451988,0.482035637,279.1706543,14645214,20288832,15987315,0,0
285,1,4/12/12 21:00,21,12,20120412 21:00,0,0,95980.0625,90.62965393,0,-0.173538208,0.264099121,279.2856445,14689646,21247424,16068278,0,0.008589744
286,1,4/12/12 22:00,22,12,20120412 22:00,0,0,96020.625,83.11964417,0,0.209869385,0.071282387,282.857666,15302340,22262592,16817888,0,0.135769231
287,1,4/12/12 23:00,23,12,20120412 23:00,0,0,96052.3125,69.20204163,0,0.453495383,-0.356092453,286.6689453,16643897,23299456,18331200,0,0.627820513
288,1,4/13/12 0:00,24,12,20120413 00:00,0,0,96033.5,59.36004639,0,1.187177658,-1.106188774,289.1542969,18620784,24354000,20489408,0,0.739230769
289,1,4/13/12 1:00,1,13,20120413 01:00,0,0,96041.625,53.31106567,0,1.749564171,-1.546858788,290.1809082,2442359,1052979,2623712,0,0.791538462
290,1,4/13/12 2:00,2,13,20120413 02:00,0,0,95932.1875,46.48814392,0,1.727087021,-1.718141556,291.4812012,5134894,2127298,5497294,0,0.791025641
291,1,4/13/12 3:00,3,13,20120413 03:00,0,0,95846.625,42.84014893,0,1.648786545,-1.857003212,292.395752,7840568,3209774,8385973,0,0.72775641
292,1,4/13/12 4:00,4,13,20120413 04:00,0,0,95779.625,41.32943726,0,1.486222267,-1.931025505,292.8942871,10320865,4294516,11052022,0,0.617179487
293,1,4/13/12 5:00,5,13,20120413 05:00,0,0,95716.125,40.75317383,0,1.392532349,-2.046140671,292.923584,12357106,5373872,13275988,0,0.430064103
294,1,4/13/12 6:00,6,13,20120413 06:00,0,0,95707.6875,42.1499176,0,1.145228386,-1.990895271,292.4382324,13770390,6441791,14873273,0,0.21275641
295,1,4/13/12 7:00,7,13,20120413 07:00,0,0,95697.1875,50.74017334,0.003631592,0.434664726,-1.404204369,290.4445801,14454602,7489290,15714801,0,0.062628205
296,1,4/13/12 8:00,8,13,20120413 08:00,0,8.30E-05,95722.875,59.17617798,0.049743652,0.741073608,-2.528090477,286.0656738,14522965,8493213,15841662,0,0.006987179
297,1,4/13/12 9:00,9,13,20120413 09:00,0,0.000196457,95758,66.92852783,0.05267334,1.059996605,-2.36257267,284.4284668,14522965,9518384,15841662,0,0
298,1,4/13/12 10:00,10,13,20120413 10:00,0,0.000458241,95795.75,72.15052795,0.086425781,1.486133575,-1.951167107,283.4418945,14522965,10535399,15841475,0,0
299,1,4/13/12 11:00,11,13,20120413 11:00,0,0.00024271,95803.75,74.24404907,0.086395264,1.682373047,-1.323785782,283.3903809,14522965,11547384,15841475,0,0
300,1,4/13/12 12:00,12,13,20120413 12:00,0,2.77E-05,95799.125,75.6965332,0.017456055,1.386390686,-0.174898148,284.0705566,14522965,12560143,15841475,0,0
301,1,4/13/12 13:00,13,13,20120413 13:00,0,5.72E-06,95754.875,78.57623291,0.001922607,0.139303207,0.75578022,283.4780273,14522965,13559782,15841475,0,0
302,1,4/13/12 14:00,14,13,20120413 14:00,0,0.000407696,95703.125,82.00547791,0.885894775,-0.35350132,0.818627358,281.9978027,14522965,14559008,15841475,0,0
303,1,4/13/12 15:00,15,13,20120413 15:00,0,0.002333641,95683.625,83.78038025,0.959991455,-0.256702423,0.581471443,281.9836426,14522965,15560549,15841475,0,0
304,1,4/13/12 16:00,16,13,20120413 16:00,0,0.003046989,95661.625,84.01071167,0.980010986,-0.345849991,0.82714653,281.4162598,14522965,16572826,15841475,0,0
305,1,4/13/12 17:00,17,13,20120413 17:00,0,0.002191544,95612.875,84.03239441,0.943511963,-0.212341309,0.676182747,281.3010254,14522965,17586560,15841475,0,0
306,1,4/13/12 18:00,18,13,20120413 18:00,0,8.96E-05,95618.75,84.14045715,0.061431885,0.224741936,0.342996597,281.203125,14522965,18599504,15841475,0,0
307,1,4/13/12 19:00,19,13,20120413 19:00,0,0,95641.75,84.31111145,0.00289917,0.260200501,-0.12466526,281.2109375,14522965,19602688,15841475,0,0
308,1,4/13/12 20:00,20,13,20120413 20:00,0,0.000109911,95686.875,85.99082947,0.471740723,0.521842003,-0.570713043,280.223877,14522965,20604304,15841475,0,0
309,1,4/13/12 21:00,21,13,20120413 21:00,0,0.001557827,95680.5625,87.1811676,1,0.006496429,-0.563807488,280.1916504,14563950,21607120,15917247,0,0.014551282
310,1,4/13/12 22:00,22,13,20120413 22:00,0,0.00580883,95708.0625,81.64477539,0.994354248,0.335370064,-0.851672173,283.8237305,15145821,22663200,16636752,0,0.122628205
311,1,4/13/12 23:00,23,13,20120413 23:00,0,0.011449814,95702.625,70.5370636,1,0.471523285,-0.988688469,287.0854492,16363545,23742176,18049728,0,0.312884615
312,1,4/14/12 0:00,24,13,20120414 00:00,0,0.029804338,95636.5625,62.42105103,1.000003815,1.012820244,-1.122920036,289.4736328,18145552,24849200,20056016,0,0.246153846
313,1,4/14/12 1:00,1,14,20120414 01:00,0.001572132,0.030773066,95655.3125,68.05941772,1,1.521598816,-1.506651878,289.904541,1984148,1193860,2297344,0,0.161089744
314,1,4/14/12 2:00,2,14,20120414 02:00,0.008695602,0.040289603,95570.75,56.55413818,0.996354044,3.149144173,-1.750684738,291.4584961,4115701,2365337,4725503,0,0.309615385
315,1,4/14/12 3:00,3,14,20120414 03:00,0.002283096,0.095867157,95486.8125,48.42735291,1,3.460091591,-1.696843147,292.2575684,6152905,3578983,7122134,0,0.220897436
316,1,4/14/12 4:00,4,14,20120414 04:00,0,0.104651511,95425.4375,47.30458069,0.99999702,3.154791832,-1.589980125,292.1074219,7604990,4795641,9044064,0,0.176987179
317,1,4/14/12 5:00,5,14,20120414 05:00,0,0.212496281,95384.6875,48.9657135,0.999999821,2.545469284,-1.588011742,291.4987793,8495187,6010511,10386240,0,0.129935897
318,1,4/14/12 6:00,6,14,20120414 06:00,0,0.29029119,95387.25,54.32792664,0.999999642,1.426460266,-1.146157265,290.4643555,8986112,7233495,11229925,0,0.117884615
319,1,4/14/12 7:00,7,14,20120414 07:00,0.000448227,0.149421334,95360.0625,60.17196655,0.999999046,1.151029587,-1.109898567,288.7983398,9183886,8473734,11624412,0,0.047179487
320,1,4/14/12 8:00,8,14,20120414 08:00,0,0.054927286,95396.6875,65.67411804,0.987974882,1.517650604,-1.411076546,287.4958496,9216990,9692303,11708138,0,0.005192308
321,1,4/14/12 9:00,9,14,20120414 09:00,0,0.053809363,95462.9375,70.72367859,0.990651846,1.622886658,-1.142910957,286.2548828,9216990,10850062,11708138,0,0
322,1,4/14/12 10:00,10,14,20120414 10:00,0,0.094957948,95501.75,74.27217102,1,1.928957939,-0.822742462,285.3413086,9216990,12037231,11708138,0,0
323,1,4/14/12 11:00,11,14,20120414 11:00,0,0.136442602,95490.875,76.99064636,0.999999166,1.77567482,0.113933563,285.793457,9216990,13238147,11708139,0,0
324,1,4/14/12 12:00,12,14,20120414 12:00,0,0.117134213,95501.6875,79.29618835,1.000002861,1.274458885,0.328104019,285.8835449,9216990,14445556,11708139,0,0
325,1,4/14/12 13:00,13,14,20120414 13:00,9.16E-05,0.101707459,95497.625,80.8013916,0.995391965,0.758725166,-0.173521996,285.545166,9216990,15654979,11708139,0,0
326,1,4/14/12 14:00,14,14,20120414 14:00,2.29E-05,0.030365068,95474.5625,81.56744385,0.92106998,0.509656906,-0.206616402,285.1315918,9216990,16838624,11708139,0,0
327,1,4/14/12 15:00,15,14,20120414 15:00,0.000938416,0.015914917,95453.3125,82.43121338,0.866424561,0.594210625,-0.145795822,284.5571289,9216990,17942464,11708139,0,0
328,1,4/14/12 16:00,16,14,20120414 16:00,6.48E-05,0.003787994,95439.75,83.62046814,0.477508545,0.32237339,0.106858254,284.1662598,9216990,19046896,11708139,0,0
329,1,4/14/12 17:00,17,14,20120414 17:00,0.000244141,0.001676559,95395.9375,84.74006653,0.315948486,0.16738224,0.418310165,283.3308105,9216990,20101792,11708139,0,0
330,1,4/14/12 18:00,18,14,20120414 18:00,0.000130177,0.002648354,95393.25,86.44245911,0.176577508,-0.034320831,0.458171845,282.8110352,9216990,21166448,11708139,0,0
331,1,4/14/12 19:00,19,14,20120414 19:00,0.00033474,0.002467907,95404.875,87.52432251,0.192340672,-0.043961525,0.292721748,282.472168,9216990,22218512,11708139,0,0
332,1,4/14/12 20:00,20,14,20120414 20:00,6.53E-05,0.001824021,95444.0625,88.98831177,0.35896951,0.199354172,0.279200554,282.067627,9216990,23275984,11708139,0,0
333,1,4/14/12 21:00,21,14,20120414 21:00,0,0.000133991,95460.4375,90.27606201,0.268773675,0.079603195,0.344676971,281.9934082,9253576,24320288,11778477,0,0.011730769
334,1,4/14/12 22:00,22,14,20120414 22:00,0,0.000282445,95511.75,83.23472595,0.630645752,0.206536293,0.211716652,284.9692383,9822244,25417008,12507955,0,0.211217949
335,1,4/14/12 23:00,23,14,20120414 23:00,0,0.000374849,95527.625,69.66667175,0.66336751,0.253499031,0.015071869,288.4682617,11097282,26532384,14000868,0,0.576346154
336,1,4/15/12 0:00,24,14,20120415 00:00,0.000365257,9.56E-05,95494.4375,60.92797852,0.189819157,0.783885002,-0.457541466,290.8259277,12987547,27665584,16134005,0,0.700128205
337,1,4/15/12 1:00,1,15,20120415 01:00,0.007015228,0.001131834,95512.125,60.31056213,0.514430106,0.810070038,-0.554913521,291.6081543,2297182,1134050,2551038,0,0.767115385
338,1,4/15/12 2:00,2,15,20120415 02:00,0.052509308,0.000944138,95416.4375,49.88381958,0.967632651,1.119805336,-0.293463707,293.0148926,4804548,2303382,5321900,0,0.772884615
339,1,4/15/12 3:00,3,15,20120415 03:00,0.062549591,0.004491806,95349.125,45.57220459,1.000004768,0.911886215,-0.897265434,293.3598633,6523265,3573232,7497774,0,0.683782051
340,1,4/15/12 4:00,4,15,20120415 04:00,0.055579174,0.00985527,95274.375,44.9055481,1.000005722,0.851066589,-1.642179489,293.3554688,7808117,4884059,9290498,0,0.371730769
341,1,4/15/12 5:00,5,15,20120415 05:00,0.048843235,0.004436493,95236.0625,44.41122437,0.999037564,1.19316864,-2.055203438,293.375,9124826,6140370,10943502,0,0.333910256
342,1,4/15/12 6:00,6,15,20120415 06:00,0.047902245,0.001620293,95247.1875,44.76148987,0.957443655,1.674365997,-1.981746674,293.1525879,10150951,7403506,12249643,0,0.141602564
343,1,4/15/12 7:00,7,15,20120415 07:00,0.039115231,0.001828194,95256.3125,51.38293457,0.915396333,1.455928802,-1.337843895,291.3115234,10575977,8621260,12881157,0,0.071666667
344,1,4/15/12 8:00,8,15,20120415 08:00,0.028303146,0.001357079,95312.4375,55.43690491,0.731296182,1.604838371,-1.213623047,289.2097168,10616516,9862484,12971303,0,0.010512821
345,1,4/15/12 9:00,9,15,20120415 09:00,0.014293671,0.000622749,95352.5,59.34028625,0.463610232,1.705478668,-0.895817757,288.1342773,10616516,11039904,12971303,0,0
346,1,4/15/12 10:00,10,15,20120415 10:00,0.00729084,0.000190735,95412.1875,64.21121216,0.3644104,1.000607491,0.049797058,287.8308105,10616516,12155131,12971559,0,0
347,1,4/15/12 11:00,11,15,20120415 11:00,0.003074646,0,95425.625,69.53411865,0.131500244,0.061896324,0.809146881,286.1682129,10616516,13245497,12971559,0,0
348,1,4/15/12 12:00,12,15,20120415 12:00,0.000391006,0,95438.9375,76.195755,0.007995605,-0.539404869,1.096813202,284.1564941,10616516,14301212,12971559,0,0
349,1,4/15/12 13:00,13,15,20120415 13:00,0.000349998,0.000211716,95421.625,81.37414551,0.059082031,-0.396059036,1.100902557,283.7949219,10616516,15347054,12971559,0,0
350,1,4/15/12 14:00,14,15,20120415 14:00,0.000414371,0.000175476,95399.75,84.12666321,0.130661011,-0.053355217,1.111757278,282.9360352,10616516,16381744,12971559,0,0
351,1,4/15/12 15:00,15,15,20120415 15:00,0.000463963,0.000154495,95399.625,86.28973389,0.147888184,-0.084854126,1.177204132,282.3190918,10616516,17409792,12971559,0,0
352,1,4/15/12 16:00,16,15,20120415 16:00,0.000244141,0.00012207,95377.75,86.99513245,0.142425537,-0.156697273,1.335045815,281.8562012,10616516,18432816,12971559,0,0
353,1,4/15/12 17:00,17,15,20120415 17:00,0.000178814,0,95346.25,86.79772949,0.030731201,-0.206354141,1.634111404,281.3964844,10616516,19451200,12971559,0,0
354,1,4/15/12 18:00,18,15,20120415 18:00,6.44E-05,0,95344.6875,86.58702087,0,-0.260569572,1.805038452,280.9001465,10616516,20462704,12971559,0,0
355,1,4/15/12 19:00,19,15,20120415 19:00,6.44E-05,0,95356.4375,85.71916199,0.002883911,-0.343626022,1.97457695,280.4125977,10616516,21470256,12971559,0,0
356,1,4/15/12 20:00,20,15,20120415 20:00,6.44E-05,3.81E-05,95384.6875,84.38198853,0.046661377,-0.520804405,1.935530663,280.2099609,10616516,22473328,12971559,0,0
357,1,4/15/12 21:00,21,15,20120415 21:00,8.87E-05,0.000144005,95422.6875,82.96847534,0.113494873,-0.471165657,1.726589203,280.7163086,10651625,23473344,13038065,0,0.008141026
358,1,4/15/12 22:00,22,15,20120415 22:00,0.000267982,0.000138283,95462.375,74.55166626,0.245758057,0.059664726,1.75569725,284.8771973,11219507,24533632,13750527,0,0.112884615
359,1,4/15/12 23:00,23,15,20120415 23:00,0.000422478,0,95483.6875,64.80267334,0.009033203,-0.096678734,1.554672241,288.4838867,12499789,25616960,15222364,0,0.606794872
360,1,4/16/12 0:00,24,15,20120416 00:00,0.00070858,0,95470.625,54.53514099,0.011016846,-0.400752068,1.637728691,291.2524414,14401331,26724128,17333152,0,0.705384615
361,1,4/16/12 1:00,1,16,20120416 01:00,4.20E-05,7.72E-05,95447,52.40190125,0.198547363,-0.568342209,1.079208374,292.3540039,2353884,1128792,2573941,0,0.760192308
362,1,4/16/12 2:00,2,16,20120416 02:00,0.008708954,0.000257492,95379.9375,44.96279907,0.132873535,-1.114621162,0.932307243,293.5092773,4930998,2276824,5378698,0,0.748525641
363,1,4/16/12 3:00,3,16,20120416 03:00,0.044269562,0.001688957,95303.0625,39.83122253,0.435150147,-1.449907303,0.99644661,294.21875,7460695,3449628,8150540,0,0.696346154
364,1,4/16/12 4:00,4,16,20120416 04:00,0.019031525,0.001127243,95243.625,37.58959961,0.446014404,-1.607719421,0.77490139,294.1657715,9045852,4683969,10110087,0,0.601153846
365,1,4/16/12 5:00,5,16,20120416 05:00,0.012952805,0.001085281,95201.0625,34.61660767,0.204193115,-2.095198631,0.931816101,294.3552246,10542857,5966196,11895860,0,0.44025641
366,1,4/16/12 6:00,6,16,20120416 06:00,0.00235939,0.00030899,95216.0625,34.70718384,0.413803101,-3.01023674,0.561458588,293.684082,11680368,7175151,13253434,0,0.23275641
367,1,4/16/12 7:00,7,16,20120416 07:00,0.000289917,2.81E-05,95279,41.31311035,0.010604858,-3.405596733,0.294002533,291.4909668,12247066,8299327,13994726,0,0.056474359
368,1,4/16/12 8:00,8,16,20120416 08:00,0.000177383,3.24E-05,95339.5625,45.84753418,0.016708374,-3.090829849,0.646125794,289.0270996,12295316,9384470,14092387,0,0.005897436
369,1,4/16/12 9:00,9,16,20120416 09:00,0.000202179,5.96E-06,95431.5,50.00059509,0.000961304,-2.229767799,0.986466467,287.0385742,12295316,10446031,14092387,0,0
370,1,4/16/12 10:00,10,16,20120416 10:00,0.000514984,2.81E-05,95491.5625,52.8636322,0.005584717,-1.648971558,1.526535988,285.0593262,12295316,11465814,14092128,0,0
371,1,4/16/12 11:00,11,16,20120416 11:00,0.000337601,2.22E-05,95509.375,55.24995422,0.010162354,-1.217484474,1.976737022,283.9543457,12295316,12482878,14092128,0,0
372,1,4/16/12 12:00,12,16,20120416 12:00,0.000110626,0,95538.5,56.77674866,0.006317139,-1.009865761,2.075681686,283.2409668,12295265,13490001,14092128,0,0
373,1,4/16/12 13:00,13,16,20120416 13:00,0,0,95509.25,57.55213928,0,-0.88953495,2.061800957,282.7382812,12295265,14486449,14092128,0,0
374,1,4/16/12 14:00,14,16,20120416 14:00,0,0,95481.625,57.52850342,0,-0.809978485,2.085466385,282.5876465,12295265,15473732,14092128,0,0
375,1,4/16/12 15:00,15,16,20120416 15:00,0.000114441,0,95479,56.91416931,0,-0.9664011,2.266307831,282.7219238,12295265,16453741,14092128,0,0
376,1,4/16/12 16:00,16,16,20120416 16:00,0.000892639,0,95447.8125,58.10673523,0,-1.071594238,2.420796394,282.7492676,12295265,17426048,14092128,0,0
377,1,4/16/12 17:00,17,16,20120416 17:00,0.001625061,0,95414.9375,61.66600037,0.010009766,-1.105397224,2.570138931,282.6855469,12295265,18388624,14092128,0,0
378,1,4/16/12 18:00,18,16,20120416 18:00,0.002098083,0,95410,66.5934906,0.026367188,-1.197097778,2.65230751,282.6210938,12295265,19344688,14092128,0,0
379,1,4/16/12 19:00,19,16,20120416 19:00,0.00302887,0,95430.4375,71.32554626,0.035736084,-1.263029099,2.694899559,282.5527344,12295265,20296384,14092128,0,0
380,1,4/16/12 20:00,20,16,20120416 20:00,0.005447388,0,95451.8125,74.25297546,0.027740479,-1.352331161,2.866775513,282.8586426,12295265,21283664,14092128,0,0
381,1,4/16/12 21:00,21,16,20120416 21:00,0.008544922,0,95475.875,74.8520813,0.061767578,-1.594721794,3.122801781,283.4272461,12327831,22262608,14153488,0,0.009679487
382,1,4/16/12 22:00,22,16,20120416 22:00,0.008346558,0,95504,70.67854309,0.071746826,-2.132370949,3.911543846,285.8913574,12890092,23286144,14850726,0,0.196410256
383,1,4/16/12 23:00,23,16,20120416 23:00,0.003921509,0,95496.6875,62.1913147,0.043365479,-3.221543312,4.126126289,287.9099121,14068122,24357184,16227285,0,0.605
384,1,4/17/12 0:00,24,16,20120417 00:00,0.01789856,0,95464.8125,54.72605896,0.207122803,-4.976016045,4.114403725,289.7067871,15898833,25470672,18285392,0,0.746858974
385,1,4/17/12 1:00,1,17,20120417 01:00,0.010543823,5.53E-05,95425.875,45.37521362,0.26272583,-4.996729851,4.432300568,291.4538574,2344545,1105538,2544075,0,0.805
386,1,4/17/12 2:00,2,17,20120417 02:00,0.031318665,0.000125885,95331.3125,43.05700684,0.399414063,-5.264147758,4.069375038,291.9797363,4615254,2248174,5097875,0,0.803461538
387,1,4/17/12 3:00,3,17,20120417 03:00,0.143249512,0.000255585,95276.9375,45.56306458,0.974243164,-5.420259476,4.196219444,291.7404785,6340887,3432953,7233931,0,0.584423077
388,1,4/17/12 4:00,4,17,20120417 04:00,0.19883728,0.006340027,95276,51.62467957,0.926391602,-5.438159943,3.909805298,290.9343262,7431362,4736882,8818341,0,0.339230769
389,1,4/17/12 5:00,5,17,20120417 05:00,0.080587745,0.003209135,95279.0625,55.04615784,0.785667658,-4.861112595,4.087810516,290.1835938,8211527,6053709,10060764,0,0.214551282
390,1,4/17/12 6:00,6,17,20120417 06:00,0.073509574,0.006002676,95305.375,63.44664001,0.622368693,-4.387939453,3.592490196,289.5983887,8988479,7332586,11140360,0,0.151089744
391,1,4/17/12 7:00,7,17,20120417 07:00,0.096146584,0.007987976,95310.4375,71.49559021,0.566593945,-3.405507088,3.455745697,288.4580078,9354610,8572196,11692466,8.30E-05,0.063205128
392,1,4/17/12 8:00,8,17,20120417 08:00,0.03024292,0.036907196,95337.6875,78.90643311,0.515808106,-2.685619354,3.240158081,286.9453125,9387104,9729881,11770966,0.000594139,0.005705128
393,1,4/17/12 9:00,9,17,20120417 09:00,0.067520142,0.051235199,95377.625,85.74255371,0.864135742,-1.948039055,3.510812759,285.9404297,9387104,10858154,11770966,0.001489878,0
394,1,4/17/12 10:00,10,17,20120417 10:00,0.255401611,0.049491882,95381.75,88.80500793,1,-1.82487011,3.67817688,285.7590332,9387104,12072060,11770745,0.001777649,0
395,1,4/17/12 11:00,11,17,20120417 11:00,0.149734497,0.072338104,95359.6875,91.91200256,1,-2.130379677,3.628584862,285.7580566,9387104,13339086,11770745,0.002737522,0
396,1,4/17/12 12:00,12,17,20120417 12:00,0.204101563,0.100372315,95352.625,92.97831726,0.999993265,-2.344026566,3.190763474,285.7419434,9387104,14621677,11770745,0.003350735,0
397,1,4/17/12 13:00,13,17,20120417 13:00,0.586217701,0.092735291,95327.4375,94.12112427,1.000002861,-2.623289108,2.399185181,285.5546875,9387104,15881893,11770745,0.003929138,0
398,1,4/17/12 14:00,14,17,20120417 14:00,0.240917325,0.053454243,95277.3125,94.42518616,0.999996185,-3.020981789,2.29373455,285.9365234,9387104,17212816,11770745,0.004383087,0
399,1,4/17/12 15:00,15,17,20120417 15:00,0.141635478,0.061423354,95247.8125,94.54556274,1.000004768,-3.275918961,2.441929817,286.1525879,9387104,18524544,11770745,0.00464201,0
400,1,4/17/12 16:00,16,17,20120417 16:00,0.153321266,0.071364045,95189.125,93.94699097,0.999997079,-3.239571571,2.90194416,286.3063965,9387104,19873328,11770745,0.00485754,0
401,1,4/17/12 17:00,17,17,20120417 17:00,0.258000135,0.07599169,95150.75,92.08259583,0.999038339,-3.192744255,2.545685768,286.3647461,9387104,21191952,11770745,0.005032063,0
402,1,4/17/12 18:00,18,17,20120417 18:00,0.267935693,0.044354562,95168.4375,91.82321167,0.992643297,-3.466806412,2.17689991,286.449707,9387104,22518608,11770745,0.005159684,0
403,1,4/17/12 19:00,19,17,20120417 19:00,0.190808058,0.035991237,95181.125,92.35852051,0.995633602,-3.406180382,2.049731255,286.6357422,9387104,23856496,11770745,0.005275469,0
404,1,4/17/12 20:00,20,17,20120417 20:00,0.185041249,0.040795866,95208.0625,90.59300232,1.000003815,-3.510110855,1.857234955,286.8374023,9387104,25127200,11770745,0.005414933,0
405,1,4/17/12 21:00,21,17,20120417 21:00,0.208328247,0.046648026,95221.25,92.81057739,0.999998748,-4.222158432,1.719082832,287.0710449,9403182,26423440,11812093,0.005597312,0.001858974
406,1,4/17/12 22:00,22,17,20120417 22:00,0.132171631,0.042541061,95250.3125,91.96592712,1.000005722,-4.971083641,1.450922966,287.6491699,9562200,27731520,12159209,0.00574204,0.045961538
407,1,4/17/12 23:00,23,17,20120417 23:00,0.17697531,0.006202698,95271.5625,90.28443909,0.738794267,-6.599926949,1.018097878,288.4277344,10027547,29084112,12966668,0.005929913,0.084871795
408,1,4/18/12 0:00,24,17,20120418 00:00,0.226718783,0.010326386,95255.125,86.24890137,0.950609386,-7.653319359,0.52026844,289.3537598,11136613,30413008,14458420,0.006125417,0.321346154
409,1,4/18/12 1:00,1,18,20120418 01:00,0.164827049,0.00541687,95206.25,68.16093445,0.473541617,-6.848865509,0.565254211,291.5585938,1665361,1242064,2059306,9.99E-05,0.343910256
410,1,4/18/12 2:00,2,18,20120418 02:00,0.180928052,0.016487122,95123.25,66.36610413,0.868357778,-7.18296051,0.818001747,291.871582,3628303,2460718,4436360,0.00028801,0.341025641
411,1,4/18/12 3:00,3,18,20120418 03:00,0.134105504,0.037563104,95051.5,62.46429443,1.000002861,-6.711462975,1.434257507,292.2382812,5494734,3773058,6741502,0.000409603,0.306025641
412,1,4/18/12 4:00,4,18,20120418 04:00,0.139433563,0.127327144,95039.8125,68.35995483,0.999996781,-5.772373199,2.395035744,291.1235352,6486779,5049981,8257972,0.000476837,0.15025641
413,1,4/18/12 5:00,5,18,20120418 05:00,0.137864113,0.173568726,94964.9375,76.74057007,1.000005722,-6.897435188,2.421728134,290.6352539,7361186,6371097,9596914,0.000607491,0.167884615
414,1,4/18/12 6:00,6,18,20120418 06:00,0.162195623,0.093136549,94981.625,85.66851807,1,-6.062113762,2.083003044,289.6320801,7691240,7665412,10286868,0.000797749,0.065320513
415,1,4/18/12 7:00,7,18,20120418 07:00,0.117982686,0.093369722,94961.3125,88.52310181,1,-5.866411209,1.428929329,289.2429199,7873779,8997418,10654948,0.000983715,0.013974359
416,1,4/18/12 8:00,8,18,20120418 08:00,0.162394583,0.109697163,95002.125,90.68780518,1,-5.420887947,0.795564652,288.6552734,7892814,10282050,10711548,0.001173973,0.001217949
417,1,4/18/12 9:00,9,18,20120418 09:00,0.243991494,0.110561729,95065.3125,92.16506958,1,-5.742890358,0.018762589,288.3994141,7892814,11635957,10711548,0.001606315,0
418,1,4/18/12 10:00,10,18,20120418 10:00,0.362515628,0.084912002,95101.9375,93.11740112,1,-5.64444828,-0.420370102,288.065918,7892814,12977487,10711499,0.002138508,0
419,1,4/18/12 11:00,11,18,20120418 11:00,0.383686423,0.060550436,95126.5,92.97608948,0.999996364,-5.437754631,-0.711623192,287.9394531,7892814,14351378,10711499,0.002695146,0
420,1,4/18/12 12:00,12,18,20120418 12:00,0.312640071,0.06356746,95124.1875,93.16424561,1.000005722,-4.753348351,-0.488119125,287.8886719,7892814,15703334,10711499,0.003315027,0
421,1,4/18/12 13:00,13,18,20120418 13:00,0.414844811,0.085346878,95099.25,91.72775269,1.000003815,-4.2190485,-0.174888611,287.7304688,7892814,17008096,10711499,0.003737082,0
422,1,4/18/12 14:00,14,18,20120418 14:00,0.405673504,0.090418875,95041.5,90.1415863,0.99999857,-3.970379829,-0.09954071,287.7094727,7892814,18352496,10711499,0.004104465,0
423,1,4/18/12 15:00,15,18,20120418 15:00,0.403910935,0.125971496,95023.25,91.5508728,0.99999392,-3.600345612,-0.166999817,287.4477539,7892814,19696048,10711499,0.004799679,0
424,1,4/18/12 16:00,16,18,20120418 16:00,0.54970175,0.208927631,94984.9375,95.6925354,0.999995828,-3.468860626,-0.312555313,287.2431641,7892814,21066288,10711499,0.00548315,0
425,1,4/18/12 17:00,17,18,20120418 17:00,0.642562509,0.357378781,94959.0625,96.78511047,0.99999249,-3.331591606,-0.309178352,287.1203613,7892814,22438848,10711499,0.006472643,0
426,1,4/18/12 18:00,18,18,20120418 18:00,0.740774751,0.362947583,94931.0625,96.7084198,1.000002861,-3.254536629,-0.007837296,287.0541992,7892814,23812464,10711499,0.007469784,0
427,1,4/18/12 19:00,19,18,20120418 19:00,0.799495935,0.217212677,94935.8125,96.14033508,0.997323513,-3.288959503,-0.11842823,287.1936035,7892814,25172704,10711499,0.008396659,0
428,1,4/18/12 20:00,20,18,20120418 20:00,0.83822608,0.171142101,94957.1875,94.87478638,0.993631601,-3.357611656,-0.127603531,287.3742676,7892814,26517296,10711499,0.009465221,0
429,1,4/18/12 21:00,21,18,20120418 21:00,0.437754095,0.113696754,94953.75,94.83599854,0.933510363,-3.27901268,0.387738228,287.1960449,7897095,27833888,10741596,0.012803853,0.001987179
430,1,4/18/12 22:00,22,18,20120418 22:00,0.844420314,0.084526658,94976.375,94.70152283,0.990384579,-3.416918755,0.208566666,287.2746582,8000371,29139088,11041797,0.014265627,0.032051282
431,1,4/18/12 23:00,23,18,20120418 23:00,0.670456231,0.060181271,94992.625,93.81797791,0.983047187,-4.163188934,-0.23931694,287.6762695,8206479,30477536,11588451,0.014923338,0.106538462
432,1,4/19/12 0:00,24,18,20120419 00:00,0.92150718,0.044984177,94944.5,93.24502563,0.990952253,-4.364471436,-0.418875694,287.8984375,8491120,31796672,12393920,0.015748777,0.1375
433,1,4/19/12 1:00,1,19,20120419 01:00,0.088508904,0.053508759,94889.875,90.48771667,0.628426552,-2.486996651,-2.322477341,290.5356445,1695289,1274902,2069926,0.001533747,0.16775641
434,1,4/19/12 2:00,2,19,20120419 02:00,0.07664603,0.063362122,94805.1875,88.58279419,0.788650751,-2.02412796,-2.510075569,290.887207,3446877,2551969,4276994,0.003145337,0.576410256
435,1,4/19/12 3:00,3,19,20120419 03:00,0.078782976,0.07144165,94735.75,88.51992798,0.545864224,-1.67999649,-2.096707344,291.237793,5526380,3797062,6786813,0.005101919,0.495641026
436,1,4/19/12 4:00,4,19,20120419 04:00,0.076072693,0.078987777,94699.4375,85.20783997,0.465526462,-1.450381279,-1.384788513,291.3022461,7110598,5069889,8804093,0.007618893,0.481987179
437,1,4/19/12 5:00,5,19,20120419 05:00,0.078176737,0.088794291,94675.8125,83.462677,0.562397778,-1.412472725,-1.139357567,291.1362305,8336438,6341353,10429979,0.01051718,0.221346154
438,1,4/19/12 6:00,6,19,20120419 06:00,0.058727074,0.095870733,94676.4375,82.97325134,0.56127727,-1.071268082,-1.139620781,290.7978516,9252069,7606466,11662357,0.013209306,0.072435897
439,1,4/19/12 7:00,7,19,20120419 07:00,0.089864373,0.098056078,94726.0625,86.00260925,0.719631255,-0.471110344,-0.624072075,289.833252,9640862,8832302,12258012,0.015600197,0.028782051
440,1,4/19/12 8:00,8,19,20120419 08:00,0.071762323,0.062940359,94755.8125,87.61923218,0.585358977,-1.301413536,0.585115433,288.0148926,9671276,10055481,12326920,0.016640197,0.000448718
441,1,4/19/12 9:00,9,19,20120419 09:00,0.091545105,0.049902104,94782,92.62252808,0.419518054,-1.226555824,0.272382736,287.7546387,9671276,11352626,12326920,0.01729567,0
442,1,4/19/12 10:00,10,19,20120419 10:00,0.081008911,0.027594812,94817.5,93.7775116,0.472801924,-1.23037529,0.511198998,287.0043945,9671276,12579686,12326929,0.017704155,0
443,1,4/19/12 11:00,11,19,20120419 11:00,0.077469707,0.008626938,94823.625,94.24078369,0.428248107,-1.410626411,0.814380646,287.0817871,9671276,13845837,12326929,0.017879412,0
444,1,4/19/12 12:00,12,19,20120419 12:00,0.048109949,0.00338283,94829.625,94.38336182,0.426116943,-1.377773285,0.894160271,286.7927246,9671276,15065141,12326929,0.017903369,0
445,1,4/19/12 13:00,13,19,20120419 13:00,0.058140617,0.001811981,94799.375,94.97807312,0.447052002,-0.828741074,0.885662079,286.6611328,9671276,16326773,12326929,0.017915964,0
446,1,4/19/12 14:00,14,19,20120419 14:00,0.080069423,0.00113678,94756.3125,95.94737244,0.531341553,-0.644965172,1.414219856,285.6552734,9671276,17502448,12326929,0.017930664,0
447,1,4/19/12 15:00,15,19,20120419 15:00,0.08253473,0.000671387,94729,97.2865448,0.648071289,-0.513865471,1.336039543,285.8808594,9671276,18749616,12326929,0.017947119,0
448,1,4/19/12 16:00,16,19,20120419 16:00,0.080762088,0.000270844,94684.625,97.64994812,0.712890625,-0.517152786,1.412060738,285.7155762,9671276,19977616,12326929,0.017965999,0
449,1,4/19/12 17:00,17,19,20120419 17:00,0.078956008,0.000112534,94653.8125,97.82635498,0.747497559,-0.650839806,1.340028763,285.5317383,9671276,21201136,12326929,0.017988458,0
450,1,4/19/12 18:00,18,19,20120419 18:00,0.079345703,3.05E-05,94635.625,97.73753357,0.703460693,-0.312869072,1.151674271,285.9387207,9671276,22493936,12326929,0.018015053,0
451,1,4/19/12 19:00,19,19,20120419 19:00,0.072387695,0,94624.375,97.96476746,0.653473198,0.83710289,0.85532856,285.2756348,9671276,23687616,12326929,0.018039744,0
452,1,4/19/12 20:00,20,19,20120419 20:00,0.058639526,0,94634.375,99.2265625,0.667572022,0.94006443,0.288264275,285.4118652,9671276,24975456,12326929,0.018058173,0
453,1,4/19/12 21:00,21,19,20120419 21:00,0.04788208,0,94657.875,98.64033508,0.614030957,1.00017643,-0.196739197,286.0148926,9688782,26307552,12371527,0.018072777,0.002628205
454,1,4/19/12 22:00,22,19,20120419 22:00,0.029159546,0,94717.0625,96.79023743,0.650419831,0.624588966,-0.477965355,286.9169922,9996764,27534112,12884104,0.018080484,0.044935897
455,1,4/19/12 23:00,23,19,20120419 23:00,0.040622711,2.86E-06,94770.1875,82.31221008,0.744659424,1.720450401,-0.986907959,289.0043945,10956701,28825488,14121469,0.018087909,0.107948718
456,1,4/20/12 0:00,24,19,20120420 00:00,0.055625916,2.86E-05,94756.3125,72.37634277,0.766738892,2.67905426,-1.0008564,290.5698242,12376689,30107104,15903851,0.018096015,0.213974359
457,1,4/20/12 1:00,1,20,20120420 01:00,0.191459656,0.005941391,94656.0625,78.25572205,0.350976706,2.218738556,-1.466413498,291.2365723,1830307,1313250,2197759,0.000243902,0.280192308
458,1,4/20/12 2:00,2,20,20120420 02:00,0.172904968,0.014575958,94613.8125,76.79597473,0.629306018,2.64682579,-1.721269608,291.3027344,3541340,2550180,4346300,0.000423908,0.36775641
459,1,4/20/12 3:00,3,20,20120420 03:00,0.185400963,0.010895416,94576.6875,79.05947876,0.635911822,2.87688446,-1.737915039,291.168457,5155291,3862008,6403807,0.000578523,0.304166667
460,1,4/20/12 4:00,4,20,20120420 04:00,0.14183265,0.00718689,94554.5,77.92112732,0.763516009,2.398098946,-1.497345924,291.0571289,6420579,5189587,8102138,0.00065136,0.21775641
461,1,4/20/12 5:00,5,20,20120420 05:00,0.125279188,0.004253387,94542.5,74.83787537,0.80428648,1.655613899,-1.37349987,291.1074219,7331946,6474719,9413764,0.000661373,0.211538462
462,1,4/20/12 6:00,6,20,20120420 06:00,0.096383572,0.002853394,94554.8125,74.08692932,0.77800256,1.62768364,-1.247477531,290.9245605,7876439,7780039,10269568,0.000676155,0.104102564
463,1,4/20/12 7:00,7,20,20120420 07:00,0.061865173,0.001743317,94567.6875,76.82846069,0.564628482,1.173455238,-0.572125435,290.1342773,8142261,9073916,10736311,0.000695944,0.035320513
464,1,4/20/12 8:00,8,20,20120420 08:00,0.06849575,0.00463295,94614.1875,79.86410522,0.992288649,1.689527512,-0.780486107,288.1848145,8166146,10281723,10797244,0.000701427,0.003589744
465,1,4/20/12 9:00,9,20,20120420 09:00,0.062734246,0.00490573,94683.3125,82.81117249,0.879935801,1.282874107,-0.660531998,288.1162109,8166146,11538008,10797244,0.000706196,0
466,1,4/20/12 10:00,10,20,20120420 10:00,0.02604581,0.004663467,94700.5625,85.46051025,0.772051156,1.516955376,-0.235225678,287.4724121,8166146,12760324,10797380,0.000707626,0
467,1,4/20/12 11:00,11,20,20120420 11:00,0.003839576,0.002565511,94710.25,88.62193298,0.501058281,1.185202599,0.44659996,287.2666016,8166146,13957937,10797380,0.000707626,0
468,1,4/20/12 12:00,12,20,20120420 12:00,0.004222248,0.005081866,94742.6875,90.49443054,0.512609482,-0.004738808,0.420399666,286.7280273,8166530,15099892,10797380,0.000708103,0
469,1,4/20/12 13:00,13,20,20120420 13:00,0.007511515,0.004027218,94754.375,92.47605896,0.551017523,-0.890063286,0.506115913,285.1071777,8166530,16241431,10797380,0.00070858,0
470,1,4/20/12 14:00,14,20,20120420 14:00,0.006483246,0.001792908,94729,94.14271545,0.547350705,-1.115506172,0.795220375,284.309082,8166530,17364176,10797380,0.00070858,0
471,1,4/20/12 15:00,15,20,20120420 15:00,0.006366305,0.000526428,94698.8125,95.36491394,0.319379747,-0.697991371,1.074679375,284.0944824,8166530,18490144,10797380,0.00070858,0
472,1,4/20/12 16:00,16,20,20120420 16:00,0.015884399,0.000925064,94676,96.28941345,0.591893196,-0.66116333,1.334111214,283.5849609,8166530,19603184,10797380,0.00070858,0
473,1,4/20/12 17:00,17,20,20120420 17:00,0.017471492,0.004205704,94655.5625,96.50227356,0.813029289,-0.827598572,1.565476418,283.3691406,8166530,20738800,10797380,0.000709772,0
474,1,4/20/12 18:00,18,20,20120420 18:00,0.00883152,0.003591537,94651,96.03375244,0.645918787,-1.062213898,1.79005146,282.8642578,8166530,21839600,10797380,0.000711918,0
475,1,4/20/12 19:00,19,20,20120420 19:00,0.003923111,0.000321388,94651.875,95.01571655,0.183639944,-0.763158798,1.636252403,283.5202637,8166530,23010976,10797380,0.000711918,0
476,1,4/20/12 20:00,20,20,20120420 20:00,0.002101613,0.000274658,94666.9375,94.03613281,0.116046131,-0.853904724,1.865271568,283.0285645,8166530,24115488,10797380,0.000711918,0
477,1,4/20/12 21:00,21,20,20120420 21:00,0.005828857,0.001561165,94688.875,93.6749115,0.323944092,-0.669697762,1.652215958,283.5510254,8189361,25211600,10844537,0.000711918,0.001858974
478,1,4/20/12 22:00,22,20,20120420 22:00,0.013778687,0.001457214,94704.8125,88.32017517,0.389953613,-0.926369667,1.811132431,286.4570312,8606825,26372224,11414028,0.000712872,0.080448718
479,1,4/20/12 23:00,23,20,20120420 23:00,0.006538391,0.002587318,94714.875,79.28215027,0.625244141,-1.342564583,1.312917709,289.0671387,9671988,27559232,12711949,0.000714302,0.279615385
480,1,4/21/12 0:00,24,20,20120421 00:00,0.001556396,0.001411438,94684.125,71.48350525,0.34552002,-2.016022682,0.528811455,290.9926758,11414195,28742448,14699492,0.000714302,0.673974359
481,1,4/21/12 1:00,1,21,20120421 01:00,0.023010254,0.000301361,94601.6875,65.30639648,0.416595459,-2.563232422,-0.925394058,292.472168,2027269,1185912,2342053,0,0.748589744
482,1,4/21/12 2:00,2,21,20120421 02:00,0.164745092,0.011343002,94476.75,61.5584259,0.350257218,-2.424446106,-1.451266289,293.0839844,4267794,2412361,4904494,0.000291169,0.319935897
483,1,4/21/12 3:00,3,21,20120421 03:00,0.151732743,0.012317657,94447.875,59.7796936,0.529357672,-2.109549522,-1.145367622,293.1923828,6121169,3618198,7121539,0.000456214,0.078461538
484,1,4/21/12 4:00,4,21,20120421 04:00,0.104488134,0.006074905,94385.5,60.73672485,0.58055222,-2.591719627,-1.038516998,292.7687988,7372656,4873317,8795550,0.000564754,0.155320513
485,1,4/21/12 5:00,5,21,20120421 05:00,0.107482016,0.004882813,94365.375,61.87515259,0.617564678,-2.301686287,-1.509052277,292.6330566,8510489,6177087,10301271,0.000654697,0.146025641
486,1,4/21/12 6:00,6,21,20120421 06:00,0.117002249,0.006101608,94395.625,63.56782532,0.566477537,-1.702306747,-1.358466148,292.1948242,9200504,7486683,11267757,0.000698924,0.126410256
487,1,4/21/12 7:00,7,21,20120421 07:00,0.060339384,0.001992226,94375.875,68.3293457,0.506028235,-1.372502327,-0.52222538,291.0664062,9472398,8801160,11718279,0.000706196,0.034935897
488,1,4/21/12 8:00,8,21,20120421 08:00,0.027127966,0.000354767,94400.375,73.35412598,0.424101234,-1.722189903,-0.313828468,289.1342773,9495977,10040717,11775716,0.000707269,0.003717949
489,1,4/21/12 9:00,9,21,20120421 09:00,0.00904274,0,94449.875,78.56182861,0.110931397,-2.010482788,-0.146528244,287.9487305,9495977,11211099,11775716,0.000707269,0
490,1,4/21/12 10:00,10,21,20120421 10:00,0.005200386,0.001188278,94466.75,82.26982117,0.372772217,-2.059122086,-0.09223938,286.71875,9495977,12337172,11775483,0.000709414,0
491,1,4/21/12 11:00,11,21,20120421 11:00,0.00418663,0.011188507,94475.1875,85.1194458,0.896850586,-1.998147964,0.010529518,286.1157227,9495977,13484218,11775483,0.000710368,0
492,1,4/21/12 12:00,12,21,20120421 12:00,0.001495361,0.012020111,94441.875,87.90496826,0.835296631,-1.80461216,0.217294693,285.809082,9495977,14635992,11775483,0.000710368,0
493,1,4/21/12 13:00,13,21,20120421 13:00,0.002239227,0.005977631,94418.9375,90.15531921,1,-1.782844543,0.054065704,285.5925293,9495977,15747526,11775483,0.000710368,0
494,1,4/21/12 14:00,14,21,20120421 14:00,0.006015778,0.022375107,94360.3125,92.09828186,0.938934326,-1.776788712,0.045919418,285.1674805,9495977,16853040,11775483,0.000711083,0
495,1,4/21/12 15:00,15,21,20120421 15:00,0.009754181,0.021331448,94328.6875,93.64376831,0.991963029,-1.000226974,0.021606445,285.8405762,9495977,18013888,11775483,0.000711083,0
496,1,4/21/12 16:00,16,21,20120421 16:00,0.005565643,0.005386353,94294,94.70758057,0.976059139,-0.895956039,-0.062317848,285.8354492,9495977,19194480,11775483,0.000711679,0
497,1,4/21/12 17:00,17,21,20120421 17:00,0.003997803,0.018260956,94281.5,96.34425354,1.000000954,-0.918224335,-0.801355362,285.284668,9495977,20305664,11775483,0.000713825,0
498,1,4/21/12 18:00,18,21,20120421 18:00,0.004108429,0.006668091,94265.125,97.01159668,0.88733089,-0.804948807,-1.324759483,284.6772461,9495977,21435392,11775483,0.000714421,0
499,1,4/21/12 19:00,19,21,20120421 19:00,0.015575409,0.001903666,94282.6875,95.88031006,1,-0.387693405,-1.654224396,284.2890625,9495977,22547632,11775483,0.000715137,0
500,1,4/21/12 20:00,20,21,20120421 20:00,0.018280029,0.004100915,94294.8125,93.67919922,0.999998748,-0.137106895,-1.678875923,283.9665527,9495977,23646992,11775483,0.000715137,0
501,1,4/21/12 21:00,21,21,20120421 21:00,0.028518677,0.00854427,94335.3125,89.45010376,0.999998927,0.392226219,-1.237942696,284.838623,9514454,24860864,11813100,0.000715137,0.005
502,1,4/21/12 22:00,22,21,20120421 22:00,0.010551453,0.016724419,94389.9375,82.91921997,0.985323787,1.761590958,-1.4016819,286.8383789,9877440,26058912,12319001,0.000715137,0.083974359
503,1,4/21/12 23:00,23,21,20120421 23:00,0.000335693,0.067244112,94404.1875,73.14103699,0.978664339,1.929087639,-1.51264286,288.703125,10695528,27276112,13382971,0.000786901,0.146666667
